reviews__|	reviews__|__date	reviews__|__score	reviews__|__name	score_breakdown__Value for money	score_breakdown__Free WiFi	score_breakdown__Cleanliness	score_breakdown__Comfort	score_breakdown__Facilities	score_breakdown__Location	score_breakdown__Staff	score	name	location
R100	"Reviewed: March 5, 2019"	10	Elizabbetta	7.6	7	7.5	7.1	7.3	9.1	7.4	7.7	Inn Rambuttri Village Plaza	"95 Soi Ram Buttri, Chakkra Phong Road, Phra Nakorn, 10200 Bangkok, Thailand"
R70	"Reviewed: March 19, 2019"	7.9	Jasonroh										
R71	"Reviewed: March 19, 2019"	5.4	Marzia										
R72	"Reviewed: March 18, 2019"	6.3	Weronika										
R73	"Reviewed: March 18, 2019"	7.5	Norbert										
R74	"Reviewed: March 18, 2019"	6.3	Johana										
R75	"Reviewed: March 18, 2019"	3.8	Magdalena										
R76	"Reviewed: March 18, 2019"	2.5	John										
R77	"Reviewed: March 16, 2019"	9.6	Barry										
R34	"Reviewed: April 5, 2019"	7.9	Cynthia										
R38	"Reviewed: April 4, 2019"	10	Mike										
R36	"Reviewed: April 4, 2019"	6.7	Danilo										
R37	"Reviewed: April 4, 2019"	8.8	Susan										
R30	"Reviewed: April 7, 2019"	7.9	Maria										
R31	"Reviewed: April 7, 2019"	8.8	Lesley										
R32	"Reviewed: April 7, 2019"	3.8	Esther										
R39	"Reviewed: April 3, 2019"	9.6	Mateusz										
R4	"Reviewed: April 21, 2019"	6.7	Amanda										
R5	"Reviewed: April 20, 2019"	7.5	Nadine.xx										
R6	"Reviewed: April 19, 2019"	6.7	Philip										
R7	"Reviewed: April 18, 2019"	4.2	Celia										
R1	"Reviewed: April 23, 2019"	7.1	Chowdhury										
R2	"Reviewed: April 23, 2019"	8.8	Barry										
R3	"Reviewed: April 21, 2019"	7.9	AnyWhere I will Go.										
R8	"Reviewed: April 17, 2019"	8.3	Isabelle										
R9	"Reviewed: April 17, 2019"	6.7	Anonymous										
R89	"Reviewed: March 9, 2019"	3.3	Kevin										
R78	"Reviewed: March 15, 2019"	8.3	Robert										
R35	"Reviewed: April 5, 2019"	7.1	James										
R81	"Reviewed: March 14, 2019"	10	Artur										
R80	"Reviewed: March 15, 2019"	7.9	Mickaël										
R83	"Reviewed: March 12, 2019"	8.3	David										
R82	"Reviewed: March 12, 2019"	3.8	Rui										
R85	"Reviewed: March 11, 2019"	8.3	Rakesh										
R84	"Reviewed: March 11, 2019"	9.6	Simon 83										
R87	"Reviewed: March 10, 2019"	6.7	Thomas										
R86	"Reviewed: March 11, 2019"	7.1	Anonymous										
R79	"Reviewed: March 15, 2019"	7.1	Tomá_										
R45	"Reviewed: March 31, 2019"	9.2	Anonymous										
R44	"Reviewed: March 31, 2019"	3.3	Leo										
R47	"Reviewed: March 29, 2019"	4.6	Jan										
R46	"Reviewed: March 30, 2019"	10	Carallyn										
R41	"Reviewed: April 1, 2019"	8.3	Mayara										
R40	"Reviewed: April 2, 2019"	10	Robert										
R43	"Reviewed: March 31, 2019"	5.8	Ale_										
R42	"Reviewed: April 1, 2019"	7.5	Ds										
R33	"Reviewed: April 5, 2019"	10	Cecília										
R49	"Reviewed: March 27, 2019"	10	Tishbi										
R48	"Reviewed: March 28, 2019"	4.6	Marcus										
R98	"Reviewed: March 5, 2019"	7.9	Maciej										
R99	"Reviewed: March 5, 2019"	6.7	Eliza										
R96	"Reviewed: March 6, 2019"	6.3	Stuart										
R97	"Reviewed: March 6, 2019"	7.9	Max										
R94	"Reviewed: March 7, 2019"	6.7	Ben										
R95	"Reviewed: March 6, 2019"	7.9	Natalia										
R92	"Reviewed: March 7, 2019"	5.4	Eleonore										
R93	"Reviewed: March 7, 2019"	7.9	Franziska										
R90	"Reviewed: March 9, 2019"	6.7	Margareta										
R91	"Reviewed: March 8, 2019"	8.8	Arsa Suyadnya										
R16	"Reviewed: April 14, 2019"	6.7	Alesandrasa										
R17	"Reviewed: April 13, 2019"	7.1	Terumi										
R14	"Reviewed: April 15, 2019"	8.8	World Traveller 68										
R15	"Reviewed: April 15, 2019"	7.1	Taras										
R12	"Reviewed: April 16, 2019"	5	Justine										
R13	"Reviewed: April 16, 2019"	7.9	Claire										
R10	"Reviewed: April 17, 2019"	8.8	Lucie										
R11	"Reviewed: April 16, 2019"	4.2	Justine										
R18	"Reviewed: April 12, 2019"	6.3	Thomas										
R19	"Reviewed: April 11, 2019"	8.3	Florin										
R58	"Reviewed: March 24, 2019"	7.9	Yenny										
R59	"Reviewed: March 23, 2019"	7.1	colin cupples										
R52	"Reviewed: March 25, 2019"	10	Åsa										
R53	"Reviewed: March 25, 2019"	7.5	Anonymous										
R50	"Reviewed: March 25, 2019"	6.7	Tomas										
R51	"Reviewed: March 25, 2019"	2.5	Adiv										
R56	"Reviewed: March 24, 2019"	8.8	Lucie										
R57	"Reviewed: March 24, 2019"	6.3	Emma										
R54	"Reviewed: March 25, 2019"	4.6	Robert										
R55	"Reviewed: March 24, 2019"	7.9	Hert										
R29	"Reviewed: April 8, 2019"	10	Paula										
R28	"Reviewed: April 8, 2019"	7.5	CarolJM										
R25	"Reviewed: April 9, 2019"	7.5	RAUTOIU ALEXANDRA										
R24	"Reviewed: April 9, 2019"	8.3	Agnieszka										
R88	"Reviewed: March 10, 2019"	3.3	Millan										
R63	"Reviewed: March 21, 2019"	7.1	Dan										
R62	"Reviewed: March 21, 2019"	8.3	Marta										
R61	"Reviewed: March 21, 2019"	6.7	Kerrie										
R60	"Reviewed: March 23, 2019"	8.3	David										
R67	"Reviewed: March 19, 2019"	7.1	ron.dob										
R66	"Reviewed: March 20, 2019"	7.5	Emil										
R65	"Reviewed: March 20, 2019"	5.4	Iga										
R64	"Reviewed: March 20, 2019"	9.2	Mark										
R27	"Reviewed: April 8, 2019"	6.3	María										
R26	"Reviewed: April 9, 2019"	7.5	Ray										
R69	"Reviewed: March 19, 2019"	6.3	Rodrigo										
R68	"Reviewed: March 19, 2019"	4.6	Nicola										
R23	"Reviewed: April 9, 2019"	6.3	Vladimir										
R22	"Reviewed: April 10, 2019"	5.8	Charlene										
R21	"Reviewed: April 10, 2019"	9.6	Mihai										
R20	"Reviewed: April 11, 2019"	9.6	William										
R29	"Reviewed: August 11, 2018"	9.6	Jasmine	8.8	10	9.6	9.4	9.3	9.6	9.5	9.4	Apartment 3 Bedroom Apartment at Sukhumvi	"Citismart Condominium, Sukhumvit Soi 18, Khlong Toei, 10110 Bangkok, Thailand"
R16	"Reviewed: October 31, 2017"	9.6	Amelia										
R17	"Reviewed: September 3, 2017"	9.6	Ling										
R14	"Reviewed: November 29, 2017"	10	Anonymous										
R15	"Reviewed: November 22, 2017"	9.2	______										
R12	"Reviewed: January 7, 2018"	7.5	Rose										
R13	"Reviewed: December 27, 2017"	7.5	Girish										
R10	"Reviewed: January 27, 2018"	10	Florentina										
R11	"Reviewed: January 19, 2018"	10	Michael										
R18	"Reviewed: August 26, 2017"	10	Ai										
R19	"Reviewed: August 24, 2017"	10	Viorica										
R38	"Reviewed: August 4, 2017"	10	Anonymous										
R39	"Reviewed: March 28, 2016"	9.6	Tanya										
R34	"Reviewed: April 7, 2018"	10	Anonymous										
R35	"Reviewed: March 29, 2018"	10	Saulius										
R36	"Reviewed: March 24, 2018"	10	Chienwen										
R37	"Reviewed: October 30, 2017"	10	Niels										
R30	"Reviewed: July 31, 2018"	7.5	Bander										
R31	"Reviewed: May 26, 2018"	10	Daphne										
R32	"Reviewed: April 19, 2018"	10	Yuki Chang										
R33	"Reviewed: April 9, 2018"	10	Chongmeng										
R4	"Reviewed: December 18, 2018"	9.6	Susan										
R5	"Reviewed: October 10, 2018"	9.2	Anonymous										
R6	"Reviewed: August 15, 2018"	9.6	Ching										
R7	"Reviewed: July 25, 2018"	9.6	Sandra										
R1	"Reviewed: January 18, 2019"	10	Christian										
R2	"Reviewed: January 16, 2019"	9.2	Richard										
R3	"Reviewed: January 3, 2019"	9.2	Devarajan										
R28	"Reviewed: August 29, 2018"	10	Raymond										
R8	"Reviewed: May 17, 2018"	10	Boyke										
R9	"Reviewed: January 28, 2018"	10	M										
R45	"Reviewed: November 6, 2015"	9.6	Sabiha										
R44	"Reviewed: March 22, 2016"	10	Sarah										
R46	"Reviewed: June 23, 2015"	8.3	Aditya_sahi										
R41	"Reviewed: December 1, 2015"	10	Jasmine										
R40	"Reviewed: December 11, 2015"	10	Kalyani										
R43	"Reviewed: July 4, 2015"	9.6	Chia										
R42	"Reviewed: October 10, 2015"	10	Mteddym										
R27	"Reviewed: November 30, 2018"	10	Anonymous										
R26	"Reviewed: December 4, 2018"	10	Katie										
R25	"Reviewed: January 7, 2019"	10	Gemma										
R24	"Reviewed: January 10, 2019"	10	Emilda										
R23	"Reviewed: June 2, 2017"	10	Rumani										
R22	"Reviewed: July 21, 2017"	10	feifei62										
R21	"Reviewed: July 27, 2017"	10	Claire										
R20	"Reviewed: August 3, 2017"	10	Steffen										
R100	"Reviewed: February 21, 2015"	7.1	Minaz	8	7.5	8.7	8.7	8.2	8	8.6	8.4	 Century Park 	"9 Ratchaprarop Rd., Pratunam-Victory Monument, 10400 Bangkok, Thailand"
R70	"Reviewed: April 23, 2016"	4.2	Mark										
R71	"Reviewed: March 21, 2016"	9.6	Rajeev										
R72	"Reviewed: March 16, 2016"	7.5	Richard										
R73	"Reviewed: March 15, 2016"	9.6	Amrit										
R74	"Reviewed: March 6, 2016"	9.6	Anonymous										
R75	"Reviewed: January 29, 2016"	7.5	E_fenty										
R76	"Reviewed: November 30, 2015"	9.2	Nabil										
R77	"Reviewed: April 25, 2015"	9.2	Nik										
R34	"Reviewed: February 5, 2019"	10	John										
R38	"Reviewed: December 30, 2018"	10	Mickey										
R36	"Reviewed: January 29, 2019"	9.6	Kene										
R37	"Reviewed: January 12, 2019"	7.5	Konchok										
R30	"Reviewed: April 19, 2019"	7.5	Janos										
R31	"Reviewed: April 17, 2019"	10	Jakkjakk										
R32	"Reviewed: March 11, 2019"	9.6	Anonymous										
R39	"Reviewed: December 30, 2018"	10	Denis										
R4	"Reviewed: February 7, 2019"	9.6	Christopher										
R5	"Reviewed: January 20, 2019"	9.2	Anonymous										
R6	"Reviewed: October 30, 2018"	9.6	Christian										
R7	"Reviewed: September 12, 2018"	9.6	Guy										
R1	"Reviewed: April 19, 2019"	10	Emily										
R2	"Reviewed: April 16, 2019"	10	Skye										
R3	"Reviewed: February 17, 2019"	7.5	John										
R8	"Reviewed: September 6, 2018"	9.2	Nitish										
R9	"Reviewed: August 22, 2018"	8.3	Radovan										
R89	"Reviewed: March 10, 2016"	8.8	Amy										
R78	"Reviewed: April 6, 2015"	10	Jimmy										
R35	"Reviewed: January 31, 2019"	9.6	Warren										
R81	"Reviewed: February 16, 2015"	7.9	Neri										
R80	"Reviewed: March 4, 2015"	6.7	Susan										
R83	"Reviewed: February 5, 2015"	7.9	Alice										
R82	"Reviewed: February 10, 2015"	9.6	Candice										
R85	"Reviewed: January 11, 2015"	8.8	Mara										
R84	"Reviewed: January 16, 2015"	9.6	Michelle										
R87	"Reviewed: April 26, 2016"	10	Paresh										
R86	"Reviewed: January 6, 2015"	7.5	Rajeet										
R79	"Reviewed: March 5, 2015"	7.5	Anonymous										
R45	"Reviewed: August 28, 2018"	8.8	Kevin										
R44	"Reviewed: October 3, 2018"	8.3	Denise										
R47	"Reviewed: March 15, 2018"	9.6	Lee										
R46	"Reviewed: April 12, 2018"	10	Ann										
R41	"Reviewed: November 6, 2018"	9.6	Kevin										
R40	"Reviewed: December 11, 2018"	5	Antony										
R43	"Reviewed: October 10, 2018"	10	John										
R42	"Reviewed: October 28, 2018"	8.8	Mark										
R33	"Reviewed: February 8, 2019"	10	Dorothy										
R49	"Reviewed: February 22, 2018"	8.8	Charles										
R48	"Reviewed: February 26, 2018"	10	Evans										
R98	"Reviewed: July 27, 2015"	7.1	Metha										
R99	"Reviewed: May 8, 2015"	10	Anonymous										
R96	"Reviewed: November 27, 2015"	5.8	Shawn										
R97	"Reviewed: September 11, 2015"	9.6	David										
R94	"Reviewed: January 4, 2016"	8.8	Zion										
R95	"Reviewed: December 11, 2015"	8.3	Josephine										
R92	"Reviewed: February 11, 2016"	7.5	Thowhidul										
R93	"Reviewed: January 19, 2016"	8.8	Anonymous										
R90	"Reviewed: March 1, 2016"	9.6	Jade										
R91	"Reviewed: February 12, 2016"	2.5	Nobody										
R16	"Reviewed: March 3, 2018"	9.2	Menon										
R17	"Reviewed: February 24, 2018"	8.3	Jacob_Lindgren										
R14	"Reviewed: May 3, 2018"	5.8	Anonymous										
R15	"Reviewed: March 4, 2018"	6.7	Nixie W K										
R12	"Reviewed: May 6, 2018"	4.6	Chilli										
R13	"Reviewed: May 4, 2018"	10	Jack										
R10	"Reviewed: June 13, 2018"	9.2	Chris										
R11	"Reviewed: May 7, 2018"	9.6	James Whitson Higbie										
R18	"Reviewed: January 26, 2018"	8.8	Michael										
R19	"Reviewed: January 15, 2018"	7.5	Anonymous										
R58	"Reviewed: December 19, 2017"	10	Anonymous										
R59	"Reviewed: November 11, 2017"	10	Brian										
R52	"Reviewed: January 18, 2018"	2.9	Gene										
R53	"Reviewed: January 10, 2018"	10	Anonymous										
R50	"Reviewed: February 6, 2018"	9.6	Jackie										
R51	"Reviewed: February 1, 2018"	9.6	Christian										
R56	"Reviewed: December 29, 2017"	7.5	Kamaludin										
R57	"Reviewed: December 27, 2017"	7.5	Nguyen										
R54	"Reviewed: January 7, 2018"	7.5	Anonymous										
R55	"Reviewed: January 7, 2018"	9.2	Roger										
R29	"Reviewed: April 20, 2019"	9.2	Anonymous										
R28	"Reviewed: May 2, 2017"	8.8	Tawhidul										
R25	"Reviewed: June 20, 2017"	5.8	Samuel										
R24	"Reviewed: September 28, 2017"	10	Russell										
R88	"Reviewed: March 16, 2016"	6.7	John										
R63	"Reviewed: August 17, 2017"	7.5	Ratana										
R62	"Reviewed: September 8, 2017"	9.6	Anonymous										
R61	"Reviewed: September 13, 2017"	10	Mizuki904										
R60	"Reviewed: October 28, 2017"	10	Abdulah										
R67	"Reviewed: May 21, 2017"	9.2	Achara										
R66	"Reviewed: July 18, 2017"	10	Christian										
R65	"Reviewed: July 25, 2017"	7.5	Anonymous										
R64	"Reviewed: July 29, 2017"	9.6	Kevin										
R27													
R26	"Reviewed: May 15, 2017"	10	Fred										
R69	"Reviewed: May 24, 2016"	9.6	Msafiri										
R68	"Reviewed: April 27, 2017"	5.8	Pinanong										
R23	"Reviewed: November 14, 2017"	9.2	David										
R22	"Reviewed: December 8, 2017"	9.2	Nigel										
R21	"Reviewed: December 17, 2017"	5.8	Olov										
R20	"Reviewed: January 3, 2018"	8.8	Hassan										
R4	"Reviewed: June 28, 2018"	9.2	Eric	9.1	9.2	9.7	9.5	9.5	8.4	9.6	9.3	" Vacation Bangkok, The Artistic Hom"	"762, 764 Thanon Chroen Rat, Khlong Ton Sai, Khlong San, 10600 Bangkok, Thailand"
R5	"Reviewed: March 19, 2018"	8.3	Tugba										
R6	"Reviewed: March 4, 2018"	8.8	Traveller										
R7													
R1	"Reviewed: March 22, 2019"	9.6	Karen										
R2	"Reviewed: December 5, 2018"	10	Valeria Yaroshenko										
R3	"Reviewed: August 15, 2018"	10	Oya										
R8	"Reviewed: February 21, 2018"	10	mICHAELtOO										
R9	"Reviewed: February 10, 2018"	10	Anonymous										
R16	"Reviewed: February 20, 2018"	10	Luo										
R17	"Reviewed: February 19, 2018"	10	Andrew										
R14	"Reviewed: January 3, 2018"	9.2	Sw										
R15	"Reviewed: March 28, 2018"	9.6	Deividas Kasperas										
R12	"Reviewed: January 28, 2018"	10	Nathalia										
R13	"Reviewed: January 6, 2018"	10	Jo										
R10	"Reviewed: February 3, 2018"	10	Anew										
R11													
R18	"Reviewed: February 7, 2018"	10	Valeria Yaroshenko										
R100	"Reviewed: August 11, 2017"	8.3	Salama	8.1	8.9	9.3	9.2	9.2	9.6	9.2	9.1	 Siam Kempinski Hotel Bangkok	"991/9 Rama I Road, Pathumwan, Pathumwan, 10330 Bangkok, Thailand"
R70	"Reviewed: January 27, 2018"	8.3	Mohammad Bushlaibi										
R71	"Reviewed: January 14, 2018"	9.2	Nicole										
R72	"Reviewed: January 8, 2018"	9.2	Cheng										
R73	"Reviewed: January 6, 2018"	10	Amina										
R74	"Reviewed: January 3, 2018"	9.6	Poyen										
R75													
R76	"Reviewed: December 14, 2017"	7.9	Angela										
R77	"Reviewed: December 9, 2017"	8.8	Sameera										
R34	"Reviewed: November 6, 2018"	9.6	overhex										
R38	"Reviewed: September 9, 2018"	10	Abdulrahman										
R36	"Reviewed: October 28, 2018"	9.6	Catherine										
R37	"Reviewed: September 26, 2018"	5.8	Anonymous										
R30	"Reviewed: December 4, 2018"	9.6	Ibrahim										
R31	"Reviewed: November 27, 2018"	9.2	Toni										
R32	"Reviewed: November 10, 2018"	9.6	Bernhard										
R39	"Reviewed: September 6, 2018"	9.6	Catherine										
R4	"Reviewed: March 29, 2019"	10	Anonymous										
R5	"Reviewed: March 16, 2019"	10	Ruben van der Graaf										
R6	"Reviewed: March 11, 2019"	8.8	Indiana										
R7	"Reviewed: March 6, 2019"	7.1	Anonymous										
R1	"Reviewed: April 22, 2019"	6.7	Ahmad										
R2	"Reviewed: April 8, 2019"	9.6	Salem										
R3	"Reviewed: April 4, 2019"	9.6	Lance Pattinson										
R8	"Reviewed: February 24, 2019"	4.5	Tien										
R9	"Reviewed: February 24, 2019"	7.1	Anonymous										
R89	"Reviewed: September 29, 2017"	10	Andreas										
R78	"Reviewed: December 1, 2017"	8.8	Man										
R35	"Reviewed: October 30, 2018"	9.6	Mandeel										
R81	"Reviewed: November 16, 2017"	9.6	Puneet										
R80	"Reviewed: November 29, 2017"	10	Matthew										
R83	"Reviewed: October 26, 2017"	6.7	Wun										
R82	"Reviewed: November 4, 2017"	9.6	Bernhard										
R85													
R84	"Reviewed: October 23, 2017"	10	Noora										
R87	"Reviewed: October 8, 2017"	7.1	Judith										
R86	"Reviewed: October 21, 2017"	9.6	Mike										
R79													
R45	"Reviewed: June 21, 2018"	10	Dr										
R44													
R47													
R46	"Reviewed: June 11, 2018"	10	Angeline										
R41	"Reviewed: August 7, 2018"	10	Regine										
R40	"Reviewed: August 24, 2018"	9.2	Rie										
R43	"Reviewed: July 12, 2018"	9.6	Mariam										
R42	"Reviewed: July 22, 2018"	10	Sids										
R33	"Reviewed: November 10, 2018"	9.6	Shahnia										
R49	"Reviewed: May 31, 2018"	10	Abdullah										
R48	"Reviewed: June 10, 2018"	10	Donald Peter Mojuntin										
R98	"Reviewed: August 27, 2017"	9.6	Anonymous										
R99	"Reviewed: August 16, 2017"	10	Saleh										
R96	"Reviewed: September 2, 2017"	8.8	Ali										
R97	"Reviewed: August 29, 2017"	8.8	ZeroDefine										
R94	"Reviewed: September 12, 2017"	9.6	Mansoor										
R95	"Reviewed: September 8, 2017"	5.4	Muna										
R92													
R93	"Reviewed: September 14, 2017"	10	Akbar										
R90	"Reviewed: September 28, 2017"	9.2	Anil										
R91	"Reviewed: September 26, 2017"	10	Lukmal										
R16	"Reviewed: February 11, 2019"	7.9	Anonymous										
R17	"Reviewed: February 8, 2019"	9.2	Si										
R14													
R15	"Reviewed: February 12, 2019"	9.2	Fei										
R12	"Reviewed: February 22, 2019"	10	Darijus										
R13	"Reviewed: February 18, 2019"	10	Koji										
R10	"Reviewed: February 23, 2019"	5.4	Anonymous										
R11	"Reviewed: February 22, 2019"	10	Haim										
R18	"Reviewed: January 22, 2019"	9.6	bo-voyage										
R19	"Reviewed: January 19, 2019"	9.6	Ali										
R58	"Reviewed: April 1, 2018"	9.6	Suzzette										
R59													
R52	"Reviewed: May 12, 2018"	10	Q_ubaisi										
R53	"Reviewed: May 5, 2018"	10	Siti										
R50	"Reviewed: May 29, 2018"	8.8	Yuichiro										
R51	"Reviewed: May 24, 2018"	8.3	Laura										
R56	"Reviewed: April 19, 2018"	10	Mohammed										
R57	"Reviewed: April 9, 2018"	10	Larry and Cindy Girard										
R54	"Reviewed: April 30, 2018"	9.6	Soum										
R55	"Reviewed: April 23, 2018"	10	Ebrahim										
R29	"Reviewed: December 4, 2018"	10	Doha										
R28	"Reviewed: December 7, 2018"	9.2	Zheng										
R25	"Reviewed: December 29, 2018"	9.6	Charlotte										
R24	"Reviewed: December 31, 2018"	7.9	Liz										
R88	"Reviewed: October 4, 2017"	6.7	David										
R63	"Reviewed: February 27, 2018"	9.6	Chingchi										
R62	"Reviewed: March 7, 2018"	10	___										
R61	"Reviewed: March 7, 2018"	9.2	Danny										
R60	"Reviewed: March 20, 2018"	10	NDY4										
R67	"Reviewed: February 4, 2018"	7.5	Sabariah										
R66	"Reviewed: February 15, 2018"	10	Diogo										
R65	"Reviewed: February 16, 2018"	10	Shamma										
R64	"Reviewed: February 26, 2018"	9.6	Ka										
R27	"Reviewed: December 10, 2018"	9.6	Dimitar										
R26	"Reviewed: December 26, 2018"	6.7	overhex										
R69	"Reviewed: January 28, 2018"	9.6	Bibilia										
R68	"Reviewed: January 29, 2018"	9.6	Catherine										
R23	"Reviewed: January 4, 2019"	10	Baz										
R22	"Reviewed: January 4, 2019"	10	Salem										
R21	"Reviewed: January 6, 2019"	10	Kevin										
R20	"Reviewed: January 8, 2019"	10	Grace										
R100	"Reviewed: September 24, 2018"	5.8	Tran	8	7.8	8.6	8.4	8.3	8.4	8.8	8.4	 Le Tada Residenc	"440/9 Ratchawithi Soi 3, Pratunam, Ratchathewi, Pathumwan, 10400 Bangkok, Thailand"
R70	"Reviewed: October 17, 2017"	9.6	Anya										
R71	"Reviewed: August 31, 2017"	9.6	Rosita057										
R72	"Reviewed: August 16, 2017"	7.5	Regina										
R73	"Reviewed: August 6, 2017"	7.9	Corina										
R74	"Reviewed: August 1, 2017"	7.5	J. Dijkhuizen										
R75	"Reviewed: July 22, 2017"	8.3	Corina										
R76	"Reviewed: April 23, 2019"	9.2	Zhiying										
R77	"Reviewed: April 20, 2019"	10	Nalinda										
R34	"Reviewed: May 5, 2018"	9.2	Daphne										
R38	"Reviewed: April 19, 2018"	6.7	Damrid										
R36	"Reviewed: April 30, 2018"	7.9	Louise										
R37	"Reviewed: April 25, 2018"	5.8	Marcus										
R30	"Reviewed: June 6, 2018"	8.3	iemiem										
R31	"Reviewed: June 4, 2018"	7.1	Parakh										
R32	"Reviewed: May 18, 2018"	9.6	Katie										
R39	"Reviewed: April 19, 2018"	8.3	Asanka Gihan										
R4	"Reviewed: December 28, 2018"	8.3	Anonymous										
R5													
R6	"Reviewed: December 17, 2018"	9.2	Technomade										
R7	"Reviewed: December 15, 2018"	8.3	Jane										
R1	"Reviewed: January 8, 2019"	10	Kwan										
R2	"Reviewed: January 5, 2019"	10	Yi										
R3	"Reviewed: December 29, 2018"	2.5	Samantha										
R8	"Reviewed: November 28, 2018"	9.2	Tristan										
R9	"Reviewed: November 27, 2018"	8.3	Ginggoppy										
R89	"Reviewed: December 6, 2018"	7.5	Hooi										
R78	"Reviewed: March 17, 2019"	7.5	Kit										
R35													
R81	"Reviewed: February 24, 2019"	7.1	Rose										
R80	"Reviewed: February 25, 2019"	7.5	Rose										
R83	"Reviewed: January 12, 2019"	10	James										
R82	"Reviewed: February 4, 2019"	8.8	Yong										
R85	"Reviewed: December 29, 2018"	8.3	Sheng										
R84	"Reviewed: January 3, 2019"	5.4	Terence										
R87	"Reviewed: December 21, 2018"	8.3	J										
R86	"Reviewed: December 24, 2018"	8.8	Felix										
R79	"Reviewed: March 8, 2019"	10	Naurin										
R45													
R44	"Reviewed: March 8, 2018"	8.8	Mark										
R47	"Reviewed: February 7, 2018"	9.2	Paola										
R46	"Reviewed: February 16, 2018"	7.5	Wolf Mathes										
R41	"Reviewed: March 19, 2018"	7.5	Wasagabears										
R40	"Reviewed: March 30, 2018"	9.2	Tak										
R43	"Reviewed: March 15, 2018"	6.7	Evelyn										
R42	"Reviewed: March 19, 2018"	9.2	Nguyen										
R33	"Reviewed: May 8, 2018"	7.5	Victor										
R49	"Reviewed: February 5, 2018"	6.7	Rob Marq										
R48	"Reviewed: February 6, 2018"	9.2	LindaGerry										
R98	"Reviewed: November 13, 2018"	10	Anonymous										
R99	"Reviewed: October 1, 2018"	9.2	Claudio										
R96	"Reviewed: November 14, 2018"	7.5	David										
R97													
R94	"Reviewed: November 24, 2018"	7.9	Ng										
R95	"Reviewed: November 14, 2018"	6.3	Bhaskar										
R92	"Reviewed: November 25, 2018"	7.5	Thi+thu+ha										
R93	"Reviewed: November 25, 2018"	7.5	Thi										
R90	"Reviewed: December 2, 2018"	9.6	Tracy										
R91	"Reviewed: November 27, 2018"	7.1	Peter										
R16	"Reviewed: August 13, 2018"	9.6	Kevin E Murphy										
R17	"Reviewed: August 8, 2018"	8.3	Anonymous										
R14	"Reviewed: September 23, 2018"	8.8	Kenneth										
R15	"Reviewed: September 3, 2018"	7.5	Huang										
R12	"Reviewed: November 19, 2018"	6.3	Mikasa										
R13	"Reviewed: November 2, 2018"	10	Dan										
R10	"Reviewed: November 25, 2018"	10	Michael										
R11													
R18	"Reviewed: August 5, 2018"	6.7	Anjie										
R19	"Reviewed: August 1, 2018"	10	Anonymous										
R58	"Reviewed: December 27, 2017"	10	Sally-ann										
R59	"Reviewed: December 23, 2017"	6.7	Phil										
R52	"Reviewed: January 24, 2018"	9.2	Peter										
R53													
R50	"Reviewed: February 4, 2018"	10	Salome										
R51													
R56	"Reviewed: January 7, 2018"	6.7	Sonny										
R57	"Reviewed: January 1, 2018"	5.8	Roberttoo1972										
R54	"Reviewed: January 20, 2018"	9.2	Rong										
R55	"Reviewed: January 19, 2018"	8.3	Mariusz										
R29	"Reviewed: June 9, 2018"	9.2	Anonymous										
R28	"Reviewed: June 27, 2018"	8.3	Lai										
R25	"Reviewed: July 9, 2018"	3.8	Anonymous										
R24	"Reviewed: July 14, 2018"	10	Anonymous										
R88	"Reviewed: December 19, 2018"	8.8	Coliw2018										
R63	"Reviewed: November 27, 2017"	9.2	Ron										
R62	"Reviewed: November 27, 2017"	8.8	Brenda										
R61	"Reviewed: December 6, 2017"	10	Stuart										
R60	"Reviewed: December 20, 2017"	7.9	smimoh										
R67	"Reviewed: October 30, 2017"	10	Denise										
R66	"Reviewed: November 15, 2017"	10	Anonymous										
R65													
R64	"Reviewed: November 16, 2017"	7.1	Erlinda										
R27	"Reviewed: June 29, 2018"	10	G.B.M.										
R26	"Reviewed: July 8, 2018"	8.3	Athauda										
R69													
R68	"Reviewed: October 29, 2017"	9.2	C__ng										
R23	"Reviewed: July 15, 2018"	9.6	Sandra										
R22	"Reviewed: July 17, 2018"	7.5	Robert										
R21	"Reviewed: July 21, 2018"	9.6	Anonymous										
R20	"Reviewed: July 27, 2018"	8.3	Melanie										
R100	"Reviewed: December 18, 2018"	9.6	Jose	7.1	5.8	7.6	7.4	6.9	8.4	7.8	7.5	 Montien Hotel Bangkok	"54 Surawongse Road, Bangrak, Bang Rak, 10500 Bangkok, Thailand"
R70	"Reviewed: May 23, 2017"	10	Martin										
R71	"Reviewed: April 26, 2017"	9.2	Greg										
R72	"Reviewed: April 18, 2019"	4.6	Chris										
R73	"Reviewed: April 5, 2019"	10	Harry										
R74	"Reviewed: April 1, 2019"	6.7	Jittakan										
R75	"Reviewed: March 29, 2019"	9.6	Narelle										
R76	"Reviewed: February 25, 2019"	4.2	Carlos										
R77	"Reviewed: February 19, 2019"	10	Luc TRADINGCLIPPER										
R34	"Reviewed: March 12, 2018"	6.3	Sherie1408										
R38	"Reviewed: February 18, 2018"	8.3	John										
R36	"Reviewed: February 24, 2018"	8.3	Emily										
R37	"Reviewed: February 19, 2018"	3.8	Domenico										
R30	"Reviewed: May 30, 2018"	8.3	Andrew										
R31	"Reviewed: May 24, 2018"	9.6	Julien										
R32	"Reviewed: May 18, 2018"	9.6	James										
R39	"Reviewed: January 25, 2018"	9.6	AaronADM										
R4	"Reviewed: April 3, 2019"	9.2	Mandvi										
R5	"Reviewed: April 1, 2019"	9.2	James										
R6	"Reviewed: March 26, 2019"	6.3	Jef										
R7	"Reviewed: March 14, 2019"	6.7	Christopher										
R1	"Reviewed: April 13, 2019"	7.1	Ian										
R2	"Reviewed: April 9, 2019"	4.6	Reno										
R3	"Reviewed: April 7, 2019"	4.6	Anonymous										
R8	"Reviewed: March 6, 2019"	7.1	Phillip										
R9	"Reviewed: February 24, 2019"	7.9	Christopher										
R89	"Reviewed: January 9, 2019"	6.7	June										
R78	"Reviewed: February 18, 2019"	9.6	John										
R35	"Reviewed: March 6, 2018"	9.2	Ben										
R81	"Reviewed: February 7, 2019"	5.4	Lisa										
R80	"Reviewed: February 9, 2019"	6.7	EricCwm										
R83	"Reviewed: February 5, 2019"	9.6	Peou										
R82	"Reviewed: February 6, 2019"	5.8	Hans										
R85	"Reviewed: January 27, 2019"	5.8	Philip										
R84	"Reviewed: February 2, 2019"	9.6	Dennis										
R87	"Reviewed: January 10, 2019"	6.7	Tok										
R86	"Reviewed: January 27, 2019"	7.1	Peter										
R79	"Reviewed: February 9, 2019"	9.6	Martin										
R45	"Reviewed: January 3, 2018"	7.1	Guido										
R44	"Reviewed: January 3, 2018"	5.8	Priyanka										
R47	"Reviewed: November 24, 2017"	6.7	Cyndy										
R46	"Reviewed: December 3, 2017"	6.3	Subadharshani										
R41	"Reviewed: January 15, 2018"	7.9	Michael										
R40	"Reviewed: January 17, 2018"	8.8	Stephen										
R43	"Reviewed: January 4, 2018"	7.9	Baywalker852										
R42	"Reviewed: January 5, 2018"	6.7	Charles										
R33	"Reviewed: March 23, 2018"	8.3	Dr										
R49	"Reviewed: November 17, 2017"	7.5	David										
R48	"Reviewed: November 23, 2017"	9.6	Gary										
R98	"Reviewed: December 19, 2018"	5.8	Wong Ken Fah										
R99	"Reviewed: December 19, 2018"	10	Jonathan										
R96	"Reviewed: December 23, 2018"	9.6	Stephen										
R97	"Reviewed: December 21, 2018"	6.3	Nobu										
R94	"Reviewed: December 29, 2018"	5.8	Julian										
R95	"Reviewed: December 25, 2018"	7.5	Dmitry										
R92	"Reviewed: January 5, 2019"	9.6	Br										
R93	"Reviewed: January 2, 2019"	4.6	Anonymous										
R90	"Reviewed: January 6, 2019"	9.2	Anonymous										
R91	"Reviewed: January 6, 2019"	8.3	Michelle										
R16	"Reviewed: January 29, 2019"	8.3	Peter										
R17	"Reviewed: January 24, 2019"	5	Apu1										
R14	"Reviewed: February 4, 2019"	6.7	Mat										
R15	"Reviewed: February 1, 2019"	5.4	Dusan										
R12	"Reviewed: February 14, 2019"	8.8	Anders										
R13	"Reviewed: February 7, 2019"	5.8	Alberto										
R10	"Reviewed: February 21, 2019"	9.2	Leslie										
R11	"Reviewed: February 17, 2019"	9.6	Jose										
R18	"Reviewed: January 23, 2019"	10	Julien										
R19	"Reviewed: January 19, 2019"	6.3	Michael										
R58	"Reviewed: August 28, 2017"	9.2	Cell										
R59	"Reviewed: August 24, 2017"	4.2	Emma										
R52													
R53	"Reviewed: November 13, 2017"	8.3	Julien										
R50	"Reviewed: November 16, 2017"	7.5	Mikhail										
R51	"Reviewed: November 16, 2017"	5.8	Olga										
R56	"Reviewed: October 14, 2017"	7.5	Chase										
R57	"Reviewed: September 25, 2017"	7.5	Sheikh										
R54	"Reviewed: November 6, 2017"	5.8	MatthewZ										
R55	"Reviewed: November 1, 2017"	7.5	Colin										
R29	"Reviewed: June 29, 2018"	10	Richard_H										
R28	"Reviewed: September 21, 2018"	10	Anonymous										
R25	"Reviewed: December 14, 2018"	10	Susan										
R24	"Reviewed: December 26, 2018"	9.2	Joe										
R88	"Reviewed: January 10, 2019"	7.5	Anonymous										
R63	"Reviewed: July 16, 2017"	6.3	Osamu										
R62													
R61	"Reviewed: August 8, 2017"	9.6	Jessica										
R60	"Reviewed: August 20, 2017"	6.7	Qi										
R67	"Reviewed: June 5, 2017"	6.7	Wang										
R66	"Reviewed: July 2, 2017"	8.8	Karen										
R65	"Reviewed: July 2, 2017"	9.6	Kevin										
R64	"Reviewed: July 11, 2017"	3.8	Annie										
R27	"Reviewed: November 18, 2018"	6.3	Your1988										
R26	"Reviewed: December 1, 2018"	7.1	Anonymous										
R69	"Reviewed: May 27, 2017"	4.6	Teodora										
R68	"Reviewed: June 1, 2017"	7.1	"""Doug"""										
R23	"Reviewed: December 29, 2018"	6.7	Wh										
R22	"Reviewed: December 31, 2018"	9.5	stromcarl										
R21	"Reviewed: January 2, 2019"	10	Jenna										
R20	"Reviewed: January 13, 2019"	5.4	Hiroshi										
R16	"Reviewed: October 9, 2017"	7.5	Akash	9.5	9.7	9.7	9.7	9.6	9.2	9.8	9.6	Apartment Bangkok Homestay by BK	"6/97 Bangkok Feliz Sathorn-Taksin, Soi Krung Thonburi 5, Khwaeng Khlong Tonsai, Khlongsan, 10600 Bangkok, Thailand"
R17	"Reviewed: September 18, 2017"	10	Inhyi										
R14	"Reviewed: November 11, 2017"	9.6	Ganoga										
R15	"Reviewed: October 20, 2017"	10	Lucie										
R12	"Reviewed: January 5, 2018"	8.3	Tee										
R13	"Reviewed: November 13, 2017"	10	Felix										
R10	"Reviewed: January 7, 2018"	10	Mateusz										
R11	"Reviewed: January 7, 2018"	9.2	Nikolay										
R18	"Reviewed: August 26, 2017"	10	Linh										
R19	"Reviewed: August 23, 2017"	10	Gerard										
R34	"Reviewed: May 28, 2017"	7.5	Thammanoon										
R30	"Reviewed: August 18, 2017"	9.2	Bonny										
R31	"Reviewed: August 5, 2017"	10	Bridgette										
R32	"Reviewed: July 16, 2017"	8.8	Nhi										
R33	"Reviewed: June 5, 2017"	10	Pruetthiya										
R4	"Reviewed: February 5, 2018"	10	GosiaPL										
R5	"Reviewed: January 28, 2018"	10	Na										
R6	"Reviewed: January 23, 2018"	9.6	Bibiana										
R7	"Reviewed: January 19, 2018"	9.6	Paulo										
R1	"Reviewed: June 30, 2018"	10	Mark										
R2	"Reviewed: April 9, 2018"	10	Chen										
R3	"Reviewed: February 11, 2018"	7.9	Ai-hsin										
R8	"Reviewed: January 19, 2018"	10	Yuxin										
R9	"Reviewed: January 16, 2018"	10	A_Irina										
R29	"Reviewed: August 29, 2017"	10	Jongtae										
R28	"Reviewed: September 9, 2017"	9.6	Anonymous										
R27	"Reviewed: November 14, 2017"	10	K										
R26	"Reviewed: November 26, 2017"	10	Atour										
R25	"Reviewed: December 13, 2017"	10	wishfulwanderer										
R24	"Reviewed: December 21, 2017"	9.2	andresc										
R23	"Reviewed: January 18, 2018"	10	Ryan										
R22	"Reviewed: January 31, 2018"	10	Matej										
R21	"Reviewed: August 16, 2017"	9.2	Joyce										
R20	"Reviewed: August 19, 2017"	10	__										
R100	"Reviewed: December 22, 2018"	10	Mubarak	8.8	8.7	9.3	9	8.7	9	9.4	9	 Villa Phra Sumen Bangkok	"457 Phrasumen Rd. Bawornniwet Pranakorn, 10200 Bangkok, Thailand"
R70	"Reviewed: August 6, 2017"	9.6	Lisa										
R71	"Reviewed: August 5, 2017"	7.5	Pooja										
R72	"Reviewed: August 2, 2017"	10	Yuri										
R73	"Reviewed: July 21, 2017"	9.6	Eva										
R74	"Reviewed: July 19, 2017"	10	Brian										
R75	"Reviewed: June 25, 2017"	9.2	Jonathan										
R76	"Reviewed: April 12, 2019"	9.2	Indre										
R77	"Reviewed: April 5, 2019"	9.2	Abigail										
R34	"Reviewed: October 31, 2018"	9.2	Volker										
R38	"Reviewed: September 18, 2018"	10	Florian Claeys										
R36	"Reviewed: October 6, 2018"	8.3	bananabanana										
R37	"Reviewed: September 20, 2018"	8.8	Carleen										
R30	"Reviewed: November 18, 2018"	9.2	Youngjae										
R31	"Reviewed: November 15, 2018"	9.2	Larissa										
R32	"Reviewed: November 15, 2018"	8.8	Francesco										
R39	"Reviewed: September 16, 2018"	10	Niki										
R4	"Reviewed: March 29, 2019"	9.2	Karin										
R5													
R6	"Reviewed: March 28, 2019"	9.2	piruviekoon										
R7	"Reviewed: March 22, 2019"	10	Ingrid										
R1	"Reviewed: April 23, 2019"	8.3	Walpacino										
R2	"Reviewed: April 10, 2019"	8.8	wanderwoman424										
R3	"Reviewed: March 31, 2019"	7.9	Vitantonio										
R8	"Reviewed: March 18, 2019"	7.1	Moe Dwaikat										
R9	"Reviewed: March 17, 2019"	9.6	Ana										
R89	"Reviewed: February 12, 2019"	9.6	Tomas										
R78	"Reviewed: April 3, 2019"	9.6	Mudit										
R35	"Reviewed: October 31, 2018"	10	Adina										
R81	"Reviewed: March 26, 2019"	10	Sam										
R80	"Reviewed: March 28, 2019"	7.5	Viktor										
R83	"Reviewed: March 16, 2019"	10	Annna										
R82	"Reviewed: March 17, 2019"	9.2	Elad Sheber										
R85	"Reviewed: February 27, 2019"	10	Laura										
R84	"Reviewed: March 14, 2019"	10	Di										
R87	"Reviewed: February 15, 2019"	9.6	Valentin										
R86	"Reviewed: February 19, 2019"	7.5	Anonymous										
R79	"Reviewed: April 1, 2019"	10	Anonymous										
R45	"Reviewed: July 29, 2018"	10	Manifred										
R44													
R47	"Reviewed: July 11, 2018"	8.8	Anonymous										
R46	"Reviewed: July 20, 2018"	10	Dianne										
R41	"Reviewed: August 24, 2018"	9.6	Craig										
R40	"Reviewed: September 8, 2018"	9.6	Fbraganca27										
R43	"Reviewed: August 1, 2018"	10	Yuxin										
R42	"Reviewed: August 23, 2018"	9.6	Anonymous										
R33	"Reviewed: November 4, 2018"	8.8	Stav										
R49	"Reviewed: June 16, 2018"	8.8	Sanjay										
R48	"Reviewed: July 10, 2018"	8.8	Kamil										
R98	"Reviewed: January 6, 2019"	7.5	Ruzana										
R99	"Reviewed: January 2, 2019"	9.2	Simmone										
R96	"Reviewed: January 12, 2019"	10	Sarah										
R97	"Reviewed: January 10, 2019"	8.3	520travel520										
R94	"Reviewed: January 24, 2019"	9.2	Michael										
R95	"Reviewed: January 19, 2019"	9.6	Simone										
R92	"Reviewed: February 1, 2019"	10	Anonymous										
R93	"Reviewed: January 26, 2019"	8.3	Elior										
R90	"Reviewed: February 10, 2019"	10	Anonymous										
R91	"Reviewed: February 3, 2019"	9.6	Lukasz M.										
R16	"Reviewed: February 15, 2019"	7.5	Roberto										
R17	"Reviewed: February 15, 2019"	9.6	Kartik										
R14	"Reviewed: February 18, 2019"	10	Anais										
R15	"Reviewed: February 17, 2019"	5.8	Gerda										
R12	"Reviewed: February 19, 2019"	10	Pair										
R13	"Reviewed: February 19, 2019"	9.2	Aiste Vilkaite										
R10	"Reviewed: March 10, 2019"	10	Matthew										
R11	"Reviewed: February 26, 2019"	8.8	Helene										
R18	"Reviewed: February 15, 2019"	6.7	marpar1950										
R19	"Reviewed: February 9, 2019"	9.6	Roberto										
R58	"Reviewed: December 6, 2017"	8.3	Sidney										
R59	"Reviewed: December 6, 2017"	10	Eric										
R52	"Reviewed: March 21, 2018"	10	Anonymous										
R53	"Reviewed: February 13, 2018"	9.2	J										
R50	"Reviewed: May 14, 2018"	9.6	Summer388										
R51	"Reviewed: May 8, 2018"	10	Juliana										
R56	"Reviewed: January 10, 2018"	10	___										
R57	"Reviewed: December 26, 2017"	8.8	MartinK77										
R54	"Reviewed: February 7, 2018"	7.9	Anonymous										
R55	"Reviewed: January 24, 2018"	8.8	chiaracart										
R29	"Reviewed: December 2, 2018"	8.8	David										
R28	"Reviewed: December 5, 2018"	10	Leo										
R25	"Reviewed: December 21, 2018"	8.8	Simone										
R24	"Reviewed: January 4, 2019"	10	Lisa										
R88	"Reviewed: February 14, 2019"	9.6	Zuzka										
R63	"Reviewed: November 22, 2017"	6.7	Aura-orn										
R62	"Reviewed: November 25, 2017"	9.2	Saisamorn										
R61	"Reviewed: November 30, 2017"	10	Cazparsnips										
R60	"Reviewed: December 3, 2017"	10	Cazparsnips										
R67	"Reviewed: September 23, 2017"	9.6	Kc										
R66	"Reviewed: October 8, 2017"	7.5	Anonymous										
R65	"Reviewed: October 24, 2017"	7.9	Matilda										
R64	"Reviewed: November 15, 2017"	9.2	Jessica										
R27	"Reviewed: December 18, 2018"	9.2	Andrei										
R26	"Reviewed: December 18, 2018"	10	Wipawee										
R69	"Reviewed: August 21, 2017"	9.6	Alper										
R68	"Reviewed: September 4, 2017"	10	Danny										
R23	"Reviewed: January 5, 2019"	5	Nalini										
R22	"Reviewed: January 14, 2019"	7.5	Pergamos										
R21	"Reviewed: January 26, 2019"	7.9	Kunal Vohra										
R20	"Reviewed: January 30, 2019"	9.2	Anonymous										
R4	"Reviewed: November 27, 2018"	10	Raluca Voinea	9.4	9.5	9.4	9.4	9.5	9.7	9.4	9.5	Apartment Forty Seven view by Pattiya	"1055/1263 State Tower - 47th Floor, Silom Road, Bangrak, Bang Rak, 10500 Bangkok, Thailand"
R5	"Reviewed: May 24, 2018"	9.2	Pier										
R6	"Reviewed: March 23, 2018"	9.2	Kuei										
R7	"Reviewed: February 11, 2018"	10	Rm										
R1	"Reviewed: March 11, 2019"	10	Loredana										
R2													
R3	"Reviewed: February 14, 2019"	9.6	Anonymous										
R8	"Reviewed: February 7, 2019"	7.5	Prasert										
R9	"Reviewed: January 12, 2019"	10	Yaniv										
R16	"Reviewed: May 7, 2018"	10	Deepak										
R17	"Reviewed: February 4, 2018"	9.6	Soren										
R14	"Reviewed: July 3, 2018"	10	Hristo										
R15													
R12	"Reviewed: October 15, 2018"	7.5	Rudi										
R13	"Reviewed: July 26, 2018"	10	Michael										
R10	"Reviewed: December 27, 2018"	9.6	Sergio										
R11	"Reviewed: December 10, 2018"	9.6	Michael										
R18	"Reviewed: November 28, 2017"	10	Anonymous										
R19	"Reviewed: November 1, 2017"	10	Alexander										
R100	"Reviewed: February 12, 2019"	9.6	Ju	8.2	8.4	8.8	8.6	8.3	8.7	8.8	8.6	 Holiday Inn Express Bangkok Sathorn	"51 Soi Pipat Silom, Bangrak, Bang Rak, 10500 Bangkok, Thailand"
R70	"Reviewed: November 8, 2017"	9.6	Alberto										
R71	"Reviewed: October 29, 2017"	9.2	Ann										
R72	"Reviewed: October 25, 2017"	7.1	861										
R73	"Reviewed: October 23, 2017"	8.8	Ali										
R74	"Reviewed: October 10, 2017"	7.1	Stefan										
R75	"Reviewed: September 27, 2017"	10	Achengo										
R76	"Reviewed: September 25, 2017"	3.8	Awais										
R77	"Reviewed: September 21, 2017"	8.8	Guest										
R34	"Reviewed: May 3, 2018"	10	Harry Xia										
R38	"Reviewed: April 12, 2018"	10	Chung										
R36	"Reviewed: April 25, 2018"	9.6	Prateek										
R37	"Reviewed: April 15, 2018"	10	Darcy										
R30	"Reviewed: May 21, 2018"	9.6	Marvi										
R31	"Reviewed: May 21, 2018"	7.1	Ana										
R32	"Reviewed: May 16, 2018"	7.9	Michael YK Chan										
R39	"Reviewed: April 11, 2018"	6.3	James										
R4	"Reviewed: March 3, 2019"	7.9	Anonymous										
R5	"Reviewed: February 19, 2019"	9.2	Nikki C.										
R6	"Reviewed: February 7, 2019"	9.6	Fc										
R7	"Reviewed: January 15, 2019"	8.3	Rodney										
R1	"Reviewed: April 5, 2019"	9.2	Elaine										
R2	"Reviewed: March 25, 2019"	9.2	Yummy_Yeah										
R3	"Reviewed: March 10, 2019"	9.2	Sharon Rhoades										
R8	"Reviewed: January 11, 2019"	10	Lionel										
R9	"Reviewed: January 3, 2019"	9.2	Lasantha										
R89	"Reviewed: May 12, 2017"	10	Patricksyd										
R78	"Reviewed: September 4, 2017"	10	David										
R35	"Reviewed: May 2, 2018"	9.6	Gayle										
R81	"Reviewed: August 8, 2017"	8.8	Sin										
R80	"Reviewed: August 11, 2017"	8.8	Giulia___										
R83	"Reviewed: August 1, 2017"	7.1	Pei										
R82	"Reviewed: August 2, 2017"	10	Ang										
R85	"Reviewed: July 5, 2017"	10	Ömer G.										
R84	"Reviewed: July 20, 2017"	10	Oi										
R87	"Reviewed: May 20, 2017"	9.2	Muhammad										
R86	"Reviewed: May 21, 2017"	7.9	Roberto										
R79	"Reviewed: August 24, 2017"	8.3	Shin										
R45	"Reviewed: February 28, 2018"	8.8	Kevin										
R44	"Reviewed: March 3, 2018"	7.5	Anonymous										
R47	"Reviewed: February 1, 2018"	4.2	Salman										
R46	"Reviewed: February 8, 2018"	6.7	Sito										
R41	"Reviewed: March 17, 2018"	9.2	Christopher										
R40	"Reviewed: April 4, 2018"	9.6	P										
R43	"Reviewed: March 11, 2018"	7.9	Brian										
R42	"Reviewed: March 16, 2018"	7.9	Judy										
R33	"Reviewed: May 12, 2018"	6.3	Zircon										
R49	"Reviewed: January 17, 2018"	8.8	Anonymous										
R48	"Reviewed: January 29, 2018"	7.9	Louis										
R98	"Reviewed: March 4, 2019"	9.6	Hsin										
R99	"Reviewed: February 27, 2019"	9.6	Melissa										
R96	"Reviewed: March 10, 2019"	8.8	Lei										
R97	"Reviewed: March 6, 2019"	10	Shamos										
R94	"Reviewed: March 20, 2019"	10	Santiago										
R95	"Reviewed: March 17, 2019"	9.2	Neamat										
R92	"Reviewed: April 9, 2019"	10	Sin										
R93	"Reviewed: March 26, 2019"	10	Clive Low										
R90	"Reviewed: May 4, 2017"	10	Lynda										
R91	"Reviewed: April 26, 2017"	7.5	Absyarobby										
R16	"Reviewed: December 15, 2018"	9.6	michael higgins										
R17	"Reviewed: December 7, 2018"	7.5	Jola										
R14	"Reviewed: December 24, 2018"	10	Rattanak										
R15	"Reviewed: December 23, 2018"	10	AO2										
R12	"Reviewed: December 25, 2018"	9.6	michael higgins										
R13	"Reviewed: December 25, 2018"	9.6	michael higgins										
R10	"Reviewed: December 28, 2018"	7.1	Meng										
R11	"Reviewed: December 27, 2018"	9.6	Gordon										
R18	"Reviewed: November 27, 2018"	9.6	amandashe										
R19	"Reviewed: November 14, 2018"	8.8	Charles_										
R58	"Reviewed: December 19, 2017"	10	Lee										
R59	"Reviewed: December 16, 2017"	8.8	Anonymous										
R52	"Reviewed: January 10, 2018"	9.6	Maria										
R53	"Reviewed: January 9, 2018"	9.2	Geraldine										
R50	"Reviewed: January 14, 2018"	10	Hannah										
R51	"Reviewed: January 11, 2018"	9.2	Chonnikarn										
R56	"Reviewed: January 1, 2018"	10	Robert										
R57	"Reviewed: December 24, 2017"	7.5	AngelinaWee										
R54	"Reviewed: January 6, 2018"	9.2	Marie										
R55	"Reviewed: January 3, 2018"	10	May										
R29	"Reviewed: June 3, 2018"	10	Helen										
R28	"Reviewed: July 1, 2018"	10	Nihan										
R25	"Reviewed: September 3, 2018"	8.8	Chee										
R24	"Reviewed: September 22, 2018"	8.3	Anonymous										
R88	"Reviewed: May 19, 2017"	10	Grady Hopkins										
R63	"Reviewed: December 5, 2017"	10	shaxy										
R62	"Reviewed: December 11, 2017"	8.3	Esmaeil										
R61	"Reviewed: December 13, 2017"	10	Anonymous										
R60	"Reviewed: December 15, 2017"	10	Stephen										
R67	"Reviewed: November 25, 2017"	7.5	Sergio										
R66	"Reviewed: November 29, 2017"	8.8	Johanna										
R65	"Reviewed: December 1, 2017"	10	Keith										
R64	"Reviewed: December 3, 2017"	9.6	Nor										
R27	"Reviewed: July 8, 2018"	10	Miiun										
R26	"Reviewed: August 17, 2018"	8.8	May										
R69	"Reviewed: November 22, 2017"	10	Marc										
R68	"Reviewed: November 23, 2017"	8.3	Hsinyuan										
R23	"Reviewed: September 25, 2018"	8.3	Mak										
R22	"Reviewed: October 13, 2018"	6.3	Aymen										
R21	"Reviewed: October 29, 2018"	10	Richard										
R20	"Reviewed: November 10, 2018"	9.6	Iain										
R100				7.7	8.1	7.8	7.9	7.8	7.7	7.9	7.8	" Eastin Hotel Makkasan, Bangkok"	"1091/343 New Petchburi Road,Makkasan,Rajthevee, Pathumwan, 10400 Bangkok, Thailand"
R70	"Reviewed: July 29, 2017"	8.3	mikplee										
R71	"Reviewed: July 13, 2017"	8.3	Martin										
R72	"Reviewed: July 6, 2017"	8.3	fahdinoff										
R73	"Reviewed: June 28, 2017"	7.9	Atul Tulsian										
R74	"Reviewed: June 19, 2017"	5	Chan										
R75	"Reviewed: June 14, 2017"	5	Riaan										
R76	"Reviewed: April 26, 2017"	7.1	AMAR INDER SINGH										
R77	"Reviewed: April 25, 2017"	10	Daniel										
R34	"Reviewed: August 27, 2018"	8.8	Lasantha										
R38	"Reviewed: June 12, 2018"	10	IVAN PILLAY										
R36	"Reviewed: July 10, 2018"	5	Kezia										
R37	"Reviewed: June 26, 2018"	7.5	Steve										
R30	"Reviewed: September 17, 2018"	6.7	Jävier										
R31	"Reviewed: September 11, 2018"	5.4	Keren										
R32	"Reviewed: September 6, 2018"	9.5	Parinda										
R39	"Reviewed: May 7, 2018"	8.8	Kirill Ageev										
R4	"Reviewed: March 9, 2019"	9.6	NigelSearle										
R5	"Reviewed: March 3, 2019"	9.6	Grace										
R6	"Reviewed: February 28, 2019"	3.8	Premasiri										
R7	"Reviewed: February 10, 2019"	6.3	Laxmi										
R1	"Reviewed: March 25, 2019"	9.6	Luke										
R2	"Reviewed: March 11, 2019"	7.1	H										
R3													
R8	"Reviewed: January 31, 2019"	10	Robert										
R9	"Reviewed: January 25, 2019"	5.8	Zoi										
R89	"Reviewed: January 24, 2019"	6.3	Yung										
R78	"Reviewed: April 23, 2017"	3.8	Suhail										
R35	"Reviewed: August 14, 2018"	10	Wayne										
R81	"Reviewed: April 9, 2019"	8.8	Elaine										
R80	"Reviewed: April 17, 2019"	9.6	Mak										
R83	"Reviewed: March 26, 2019"	5	Nishi										
R82	"Reviewed: March 31, 2019"	7.5	Barathwanth										
R85	"Reviewed: March 4, 2019"	7.9	Anonymous										
R84	"Reviewed: March 8, 2019"	9.2	Amber										
R87	"Reviewed: February 5, 2019"	7.5	anna_crete										
R86	"Reviewed: February 22, 2019"	6.3	Giselle										
R79	"Reviewed: April 22, 2019"	6.7	Ck										
R45	"Reviewed: March 4, 2018"	8.3	Rhiannon										
R44	"Reviewed: March 15, 2018"	7.5	Urszula										
R47	"Reviewed: February 20, 2018"	9.2	Anonymous										
R46	"Reviewed: February 26, 2018"	9.2	Nikola										
R41	"Reviewed: April 8, 2018"	8.8	Anonymous										
R40	"Reviewed: May 3, 2018"	7.5	Dayang										
R43	"Reviewed: March 20, 2018"	8.5	Al										
R42	"Reviewed: April 4, 2018"	9.6	Yaron										
R33	"Reviewed: September 3, 2018"	8.3	Said										
R49	"Reviewed: February 19, 2018"	8.8	Ashley										
R48	"Reviewed: February 20, 2018"	10	Curt										
R98	"Reviewed: November 29, 2018"	7.9	Tan										
R99	"Reviewed: November 28, 2018"	7.5	Buddhi Raj Gurung										
R96	"Reviewed: December 17, 2018"	7.5	Carolyn										
R97	"Reviewed: December 7, 2018"	6.3	Damien										
R94	"Reviewed: January 6, 2019"	3.8	Nancy										
R95	"Reviewed: December 21, 2018"	9.6	Andras										
R92													
R93	"Reviewed: January 11, 2019"	7.5	Isaac										
R90	"Reviewed: January 21, 2019"	7.5	Shi										
R91	"Reviewed: January 20, 2019"	8.3	Seow										
R16	"Reviewed: November 21, 2018"	5.8	Simbarashe										
R17	"Reviewed: November 17, 2018"	5.8	Weltreisender										
R14	"Reviewed: November 27, 2018"	9.6	Denisa										
R15	"Reviewed: November 22, 2018"	7.9	Nagalingam										
R12	"Reviewed: December 7, 2018"	8.8	Fairooz										
R13	"Reviewed: December 4, 2018"	9.2	Claire										
R10	"Reviewed: January 16, 2019"	7.9	Rajshree										
R11	"Reviewed: December 7, 2018"	10	Roy										
R18	"Reviewed: November 16, 2018"	7.5	Nyrichka										
R19	"Reviewed: November 2, 2018"	7.5	Danny										
R58	"Reviewed: October 3, 2017"	9.2	Claudia										
R59													
R52	"Reviewed: November 29, 2017"	7.5	Surasak										
R53	"Reviewed: November 23, 2017"	8.8	Imcia89										
R50	"Reviewed: February 16, 2018"	7.5	zizan1										
R51	"Reviewed: December 21, 2017"	7.5	Swapnil										
R56	"Reviewed: October 22, 2017"	6.3	Anonymous										
R57	"Reviewed: October 15, 2017"	7.5	Janey Yip										
R54	"Reviewed: November 19, 2017"	7.1	Scot										
R55	"Reviewed: October 23, 2017"	7.5	Philip Gander										
R29	"Reviewed: September 20, 2018"	7.1	Caiefede										
R28	"Reviewed: September 29, 2018"	8.3	Seokyoung										
R25	"Reviewed: October 17, 2018"	8.8	Vlasta										
R24	"Reviewed: October 20, 2018"	2.9	Milos										
R88	"Reviewed: January 29, 2019"	10	Sony										
R63	"Reviewed: September 5, 2017"	7.1	Jonathan										
R62	"Reviewed: September 12, 2017"	9.6	Kim0258										
R61	"Reviewed: September 21, 2017"	4.2	Lucy										
R60	"Reviewed: September 23, 2017"	7.5	Jan										
R67	"Reviewed: August 12, 2017"	5.4	Abdulaziz										
R66													
R65	"Reviewed: August 21, 2017"	7.9	Maki										
R64	"Reviewed: September 4, 2017"	7.5	Vadfun										
R27	"Reviewed: October 13, 2018"	10	Saishree										
R26	"Reviewed: October 14, 2018"	8.8	Daniel Cjin										
R69	"Reviewed: August 4, 2017"	7.5	Marcel										
R68	"Reviewed: August 8, 2017"	8.3	ahmad_ato										
R23	"Reviewed: October 21, 2018"	6.7	Melissa										
R22	"Reviewed: October 21, 2018"	6.7	Jack										
R21	"Reviewed: October 23, 2018"	7.9	Anonymous										
R20	"Reviewed: October 31, 2018"	5.4	ajaraya										
R100	"Reviewed: February 12, 2019"	8.3	Tsz	8.3	7.4	8.9	8.5	8.3	7.8	8.5	8.4	 Tarawish 	"45, Soi Phetchaburi 13, Phaya Thai, Ratchathewi, Pathumwan, 10400 Bangkok, Thailand"
R70	"Reviewed: April 1, 2018"	9.2	Shane										
R71	"Reviewed: March 30, 2018"	8.8	Yan										
R72	"Reviewed: March 18, 2018"	7.1	Yingjia										
R73	"Reviewed: March 4, 2018"	9.6	__301										
R74	"Reviewed: February 23, 2018"	9.2	Lungten										
R75	"Reviewed: February 22, 2018"	10	Helle										
R76	"Reviewed: January 30, 2018"	8.3	Agne										
R77	"Reviewed: January 29, 2018"	7.5	Rolf										
R34	"Reviewed: August 24, 2018"	9.6	Michelle										
R38	"Reviewed: August 16, 2018"	7.5	Shachins										
R36	"Reviewed: August 18, 2018"	8.8	Bhavna										
R37	"Reviewed: August 17, 2018"	9.6	Zhang										
R30													
R31	"Reviewed: August 27, 2018"	10	Hazzel										
R32	"Reviewed: August 26, 2018"	6.7	Anonymous										
R39	"Reviewed: August 15, 2018"	10	Sarahbeth										
R4	"Reviewed: February 20, 2019"	10	Kai										
R5	"Reviewed: February 15, 2019"	5.8	Susan										
R6	"Reviewed: February 15, 2019"	7.5	Adrian										
R7	"Reviewed: February 13, 2019"	9.6	Wong										
R1	"Reviewed: April 8, 2019"	7.5	Masood										
R2	"Reviewed: March 5, 2019"	9.2	Wan										
R3	"Reviewed: February 22, 2019"	6.7	Ang										
R8	"Reviewed: January 29, 2019"	6.3	frizzyshin										
R9	"Reviewed: January 17, 2019"	10	KKSAM										
R89	"Reviewed: December 18, 2017"	9.2	KelvinChooi										
R78	"Reviewed: January 29, 2018"	7.5	Slavena										
R35	"Reviewed: August 19, 2018"	7.9	Boryana										
R81	"Reviewed: January 21, 2018"	9.6	aziaNuar										
R80	"Reviewed: January 28, 2018"	7.1	Yun										
R83	"Reviewed: January 12, 2018"	10	Natalia.F										
R82	"Reviewed: January 20, 2018"	9.2	Dominik										
R85	"Reviewed: January 5, 2018"	7.1	Dirkv1988										
R84													
R87	"Reviewed: December 28, 2017"	8.3	Joyce										
R86	"Reviewed: December 30, 2017"	10	Yupar										
R79	"Reviewed: January 29, 2018"	6.7	Samantha										
R45	"Reviewed: July 31, 2018"	9.2	Alison										
R44	"Reviewed: August 5, 2018"	9.2	Al Busaid										
R47	"Reviewed: July 27, 2018"	9.6	Sin										
R46	"Reviewed: July 28, 2018"	10	Mydz										
R41	"Reviewed: August 12, 2018"	8.3	Steveh										
R40	"Reviewed: August 13, 2018"	9.2	Pui										
R43	"Reviewed: August 11, 2018"	8.8	Alex_Jagi										
R42	"Reviewed: August 12, 2018"	7.1	Poh										
R33	"Reviewed: August 26, 2018"	7	Ak										
R49	"Reviewed: July 23, 2018"	7.5	Sweet lemon										
R48	"Reviewed: July 23, 2018"	9.2	Saad										
R98	"Reviewed: March 1, 2019"	10	Duong Lai										
R99	"Reviewed: February 23, 2019"	9.6	Napassawan										
R96	"Reviewed: April 10, 2019"	8.3	Ong Yi ling										
R97	"Reviewed: April 9, 2019"	9.6	Dila Malaki										
R94	"Reviewed: April 23, 2019"	9.2	Mizan										
R95	"Reviewed: April 12, 2019"	9.6	Kamonkarn										
R92	"Reviewed: November 16, 2017"	9.6	Somsak										
R93	"Reviewed: November 10, 2017"	8.8	Purinat										
R90	"Reviewed: November 18, 2017"	9.6	Miti Chanyawong										
R91	"Reviewed: November 17, 2017"	7.9	Andi										
R16	"Reviewed: November 17, 2018"	9.6	Chee										
R17	"Reviewed: November 15, 2018"	8.8	Pristine										
R14	"Reviewed: November 19, 2018"	8.3	Hock										
R15	"Reviewed: November 19, 2018"	7.5	Nicu R.										
R12	"Reviewed: December 3, 2018"	6.3	Lee										
R13	"Reviewed: November 28, 2018"	10	Allison										
R10	"Reviewed: December 24, 2018"	10	Joyce										
R11	"Reviewed: December 10, 2018"	8.3	Khoo										
R18													
R19	"Reviewed: November 14, 2018"	5.8	Lay										
R58													
R59	"Reviewed: June 26, 2018"	7.1	Pre										
R52	"Reviewed: July 21, 2018"	7.5	Ami										
R53	"Reviewed: July 16, 2018"	8.8	Kelly										
R50	"Reviewed: July 23, 2018"	7.1	Wolfgang										
R51	"Reviewed: July 22, 2018"	9.2	Anonymous										
R56	"Reviewed: July 9, 2018"	6.7	Anonymous										
R57	"Reviewed: July 5, 2018"	7.5	Cheryl										
R54	"Reviewed: July 14, 2018"	10	Ela										
R55	"Reviewed: July 11, 2018"	8.8	Gaël										
R29	"Reviewed: August 29, 2018"	10	Graeme										
R28	"Reviewed: September 3, 2018"	9.6	Alice										
R25	"Reviewed: September 11, 2018"	10	Bolanle										
R24	"Reviewed: September 16, 2018"	6.3	Anonymous										
R88	"Reviewed: December 18, 2017"	9.6	Kaka_94										
R63	"Reviewed: May 13, 2018"	9.2	Melissa										
R62	"Reviewed: May 16, 2018"	8.3	Martin										
R61	"Reviewed: May 24, 2018"	7.5	Sook										
R60	"Reviewed: June 4, 2018"	9.6	Sass										
R67	"Reviewed: April 17, 2018"	7.5	Nga										
R66	"Reviewed: May 2, 2018"	10	Ma										
R65	"Reviewed: May 8, 2018"	5.4	Tianyang										
R64	"Reviewed: May 8, 2018"	9.2	Jaryong										
R27	"Reviewed: September 7, 2018"	9.6	Jintana										
R26	"Reviewed: September 11, 2018"	9.6	Mee										
R69	"Reviewed: April 9, 2018"	7.5	Sokharam										
R68	"Reviewed: April 12, 2018"	10	Christoph										
R23	"Reviewed: October 11, 2018"	6.7	PL Yong										
R22	"Reviewed: October 16, 2018"	7.9	Sy										
R21	"Reviewed: November 6, 2018"	7.5	Kingkenny										
R20	"Reviewed: November 8, 2018"	7.5	Valentina										
R100	"Reviewed: July 11, 2017"	10	Wai	8.9	9.3	9.5	9.4	9.3	8.6	9.6	9.2	 COMO Metropolitan Bangkok	"27 South Sathorn Road, Tungmahamek, Sathorn, 10120 Bangkok, Thailand"
R70	"Reviewed: January 13, 2018"	7.1	Melvyn										
R71	"Reviewed: January 7, 2018"	10	Susan										
R72	"Reviewed: January 6, 2018"	10	Carolyn										
R73	"Reviewed: January 4, 2018"	10	Rachid										
R74	"Reviewed: January 3, 2018"	9.2	Vicky										
R75	"Reviewed: January 3, 2018"	9.2	Marcel										
R76	"Reviewed: December 22, 2017"	10	Tom										
R77	"Reviewed: December 19, 2017"	9.2	Gabor										
R34	"Reviewed: August 2, 2018"	9.6	Shirlie										
R38	"Reviewed: July 23, 2018"	9.2	Philippa										
R36	"Reviewed: July 31, 2018"	10	David										
R37	"Reviewed: July 30, 2018"	10	Kharla										
R30	"Reviewed: August 23, 2018"	9.6	Sean										
R31													
R32	"Reviewed: August 14, 2018"	10	Riccardo										
R39	"Reviewed: July 16, 2018"	9.6	Henry S.										
R4	"Reviewed: February 9, 2019"	10	David										
R5	"Reviewed: February 5, 2019"	10	Mark										
R6	"Reviewed: February 4, 2019"	9.6	Denise										
R7	"Reviewed: February 3, 2019"	9.6	Carolyn										
R1	"Reviewed: April 18, 2019"	9.6	Gillian										
R2	"Reviewed: March 11, 2019"	9.2	Chandoz										
R3	"Reviewed: February 9, 2019"	9.6	Jin Lucy										
R8	"Reviewed: January 28, 2019"	10	albul										
R9	"Reviewed: January 28, 2019"	7.5	Anonymous										
R89	"Reviewed: September 11, 2017"	9.2	Victor										
R78	"Reviewed: December 18, 2017"	8.8	Aljo_a										
R35	"Reviewed: July 31, 2018"	10	Donna										
R81	"Reviewed: November 30, 2017"	9.6	234mikki										
R80	"Reviewed: December 3, 2017"	10	Adrienhk										
R83	"Reviewed: November 25, 2017"	10	Neal										
R82	"Reviewed: November 28, 2017"	10	Mason										
R85	"Reviewed: October 31, 2017"	7.9	Anonymous										
R84	"Reviewed: November 8, 2017"	9.6	Anonymous										
R87	"Reviewed: September 25, 2017"	10	Susan										
R86	"Reviewed: October 27, 2017"	9.2	Gina										
R79	"Reviewed: December 12, 2017"	9.2	fiona.e										
R45	"Reviewed: May 9, 2018"	9.6	Ling										
R44	"Reviewed: May 17, 2018"	9.6	Ross										
R47													
R46	"Reviewed: May 1, 2018"	9.2	Anonymous										
R41	"Reviewed: July 12, 2018"	10	SOMJ_										
R40	"Reviewed: July 15, 2018"	7.9	Tim										
R43	"Reviewed: May 24, 2018"	9.2	John										
R42	"Reviewed: June 18, 2018"	7.1	Adrien_										
R33	"Reviewed: August 11, 2018"	10	Anonymous										
R49	"Reviewed: April 22, 2018"	9.2	Sean P										
R48	"Reviewed: April 23, 2018"	9.2	Anonymous										
R98	"Reviewed: July 18, 2017"	9.6	Happy										
R99													
R96	"Reviewed: July 28, 2017"	10	Prabalika										
R97	"Reviewed: July 24, 2017"	9.6	Linda										
R94	"Reviewed: August 2, 2017"	10	Jean										
R95	"Reviewed: August 1, 2017"	8.3	Cecilia										
R92	"Reviewed: August 29, 2017"	9.6	Catherine										
R93	"Reviewed: August 14, 2017"	10	Tony										
R90	"Reviewed: September 3, 2017"	9.2	Anonymous										
R91	"Reviewed: September 3, 2017"	9.6	Anonymous										
R16	"Reviewed: December 8, 2018"	9.2	Karl										
R17	"Reviewed: December 2, 2018"	8.3	Mohammed										
R14	"Reviewed: December 28, 2018"	8.8	Jawaher										
R15	"Reviewed: December 21, 2018"	10	Raj										
R12	"Reviewed: January 8, 2019"	10	Jacques										
R13	"Reviewed: December 29, 2018"	9.2	Jacques										
R10	"Reviewed: January 22, 2019"	9.2	Emma H UK										
R11	"Reviewed: January 14, 2019"	10	Alexander										
R18	"Reviewed: November 18, 2018"	9.2	Anonymous										
R19	"Reviewed: November 14, 2018"	9.2	Zoe										
R58	"Reviewed: February 26, 2018"	10	Pierre-emmanuel										
R59	"Reviewed: February 24, 2018"	9.2	Techin										
R52	"Reviewed: March 27, 2018"	9.6	Sezi										
R53	"Reviewed: March 22, 2018"	8.8	Abby										
R50	"Reviewed: March 28, 2018"	10	Jenni										
R51	"Reviewed: March 28, 2018"	9.6	Eirik										
R56	"Reviewed: March 18, 2018"	10	David										
R57	"Reviewed: February 28, 2018"	7.5	Marianne										
R54	"Reviewed: March 19, 2018"	8.3	Jazzlo										
R55	"Reviewed: March 19, 2018"	9.6	Sezi										
R29	"Reviewed: September 3, 2018"	9.2	Chin										
R28	"Reviewed: September 18, 2018"	10	Ft										
R25	"Reviewed: October 16, 2018"	10	Anthony										
R24	"Reviewed: October 17, 2018"	9.6	Nanna										
R88	"Reviewed: September 19, 2017"	10	Laura										
R63	"Reviewed: February 10, 2018"	9.2	Zofia										
R62	"Reviewed: February 12, 2018"	10	Vaios										
R61	"Reviewed: February 16, 2018"	10	Rebecca										
R60	"Reviewed: February 23, 2018"	9.6	John										
R67	"Reviewed: January 19, 2018"	9.6	Shirlie										
R66	"Reviewed: January 27, 2018"	9.2	Camille										
R65	"Reviewed: January 28, 2018"	6.7	sugarbebe										
R64	"Reviewed: February 1, 2018"	10	Shariza										
R27	"Reviewed: September 25, 2018"	4.6	Anonymous										
R26	"Reviewed: September 27, 2018"	8.8	Anonymous										
R69	"Reviewed: January 16, 2018"	9.6	Roslyn										
R68	"Reviewed: January 18, 2018"	9.6	Carole										
R23	"Reviewed: October 21, 2018"	9.6	Kevin										
R22	"Reviewed: October 22, 2018"	8.3	Jayesh										
R21	"Reviewed: October 27, 2018"	9.2	Ashling										
R20	"Reviewed: November 3, 2018"	9.6	Shirlie										
R100	"Reviewed: April 20, 2019"	5	Karly	7.1	5.3	7.2	7.2	6.9	7.1	7.6	7.2	 Twin Towers 	"88/2 New Rama 6th Road, Rong Muang, Patumwan, 10330 Bangkok, Thailand"
R70	"Reviewed: January 3, 2018"	4.2	David										
R71	"Reviewed: January 2, 2018"	8.3	Chetan										
R72	"Reviewed: January 1, 2018"	2.9	Shanshan										
R73	"Reviewed: December 24, 2017"	3.8	Hein										
R74	"Reviewed: December 12, 2017"	7.1	Anonymous										
R75	"Reviewed: December 6, 2017"	2.9	Benjamin										
R76	"Reviewed: November 14, 2017"	4.6	Anonymous										
R77	"Reviewed: October 30, 2017"	5.8	Anonymous										
R34	"Reviewed: December 28, 2018"	4.6	Hapiza										
R38	"Reviewed: December 8, 2018"	9.2	Che										
R36	"Reviewed: December 26, 2018"	5.8	Abdulla										
R37	"Reviewed: December 15, 2018"	2.9	Sandysadrien										
R30	"Reviewed: January 3, 2019"	9.6	Shiv										
R31	"Reviewed: January 2, 2019"	6.7	TS16										
R32	"Reviewed: January 1, 2019"	4.2	Adil										
R39	"Reviewed: December 6, 2018"	9.2	Anonymous										
R4	"Reviewed: March 18, 2019"	7.5	Stephen										
R5	"Reviewed: March 14, 2019"	5.4	Sven										
R6	"Reviewed: March 13, 2019"	10	Marianna										
R7	"Reviewed: March 8, 2019"	8.3	Dobrina										
R1	"Reviewed: April 9, 2019"	7.1	Lolita										
R2	"Reviewed: March 26, 2019"	7.9	Harriette										
R3	"Reviewed: March 19, 2019"	8.3	Martyn										
R8	"Reviewed: March 7, 2019"	7.9	__										
R9	"Reviewed: March 6, 2019"	7.1	Gerard										
R89	"Reviewed: August 2, 2017"	4.6	Thayalakumar										
R78	"Reviewed: October 15, 2017"	10	Ali										
R35	"Reviewed: December 26, 2018"	7.5	Dayalan										
R81	"Reviewed: September 10, 2017"	7.9	Anonymous										
R80	"Reviewed: September 20, 2017"	6.3	Patricia										
R83	"Reviewed: September 6, 2017"	8.8	Shereen										
R82	"Reviewed: September 9, 2017"	5	Sohana										
R85	"Reviewed: August 21, 2017"	4.6	Business										
R84	"Reviewed: August 29, 2017"	8.8	Elliott										
R87	"Reviewed: August 15, 2017"	3.3	G										
R86	"Reviewed: August 18, 2017"	2.9	Anonymous										
R79	"Reviewed: October 13, 2017"	7.1	Anonymous										
R45	"Reviewed: November 5, 2018"	9.2	Mikeyyo										
R44	"Reviewed: November 12, 2018"	8.8	Petcharat										
R47	"Reviewed: October 10, 2018"	8.8	Fred										
R46	"Reviewed: October 19, 2018"	10	Anonymous										
R41	"Reviewed: November 30, 2018"	7.5	Eng										
R40	"Reviewed: December 5, 2018"	9.6	Peter										
R43	"Reviewed: November 19, 2018"	10	Rama										
R42	"Reviewed: November 25, 2018"	9.2	Jessica										
R33	"Reviewed: January 1, 2019"	5	Omar										
R49	"Reviewed: September 13, 2018"	4.2	good vibes always										
R48	"Reviewed: October 2, 2018"	10	Harry										
R98	"Reviewed: June 21, 2017"	9.2	James										
R99	"Reviewed: June 9, 2017"	10	Lei										
R96	"Reviewed: July 4, 2017"	5	Noel										
R97	"Reviewed: July 2, 2017"	9.6	Waqas										
R94	"Reviewed: July 13, 2017"	4.6	Anonymous										
R95	"Reviewed: July 12, 2017"	7.9	Stamatia										
R92	"Reviewed: July 17, 2017"	5	Salman										
R93	"Reviewed: July 16, 2017"	3.8	Sarah										
R90	"Reviewed: July 28, 2017"	8.8	Sajid										
R91	"Reviewed: July 26, 2017"	4.2	Ben										
R16	"Reviewed: February 3, 2019"	3.8	Sophie										
R17	"Reviewed: January 29, 2019"	6.3	Yuwen										
R14	"Reviewed: February 8, 2019"	5.4	Jasmine										
R15	"Reviewed: February 7, 2019"	7.5	Serena										
R12	"Reviewed: February 11, 2019"	7.5	Boglarka										
R13	"Reviewed: February 10, 2019"	5	Agnieszka										
R10	"Reviewed: February 17, 2019"	10	Atchara										
R11	"Reviewed: February 12, 2019"	7.5	Nanna										
R18	"Reviewed: January 28, 2019"	4.2	Harel										
R19	"Reviewed: January 28, 2019"	9.6	Eli										
R58	"Reviewed: June 11, 2018"	6.7	Manisha Sonawane										
R59	"Reviewed: April 22, 2018"	7.9	Helena										
R52	"Reviewed: August 3, 2018"	2.9	Hsusande										
R53	"Reviewed: August 3, 2018"	7.9	Albert										
R50	"Reviewed: August 14, 2018"	5	Talant										
R51	"Reviewed: August 5, 2018"	4.2	Faraz										
R56	"Reviewed: July 30, 2018"	8.3	Zafifi										
R57	"Reviewed: July 30, 2018"	10	Bryan										
R54	"Reviewed: August 1, 2018"	9.6	Sebastien Paris										
R55	"Reviewed: July 31, 2018"	5.4	Ong										
R29	"Reviewed: January 3, 2019"	7.5	Tee										
R28	"Reviewed: January 5, 2019"	9.6	Renes										
R25	"Reviewed: January 11, 2019"	7.1	Mariob										
R24													
R88													
R63													
R62	"Reviewed: March 11, 2018"	6.7	Corina										
R61	"Reviewed: March 18, 2018"	2.5	zennchu										
R60	"Reviewed: March 28, 2018"	5.4	Andrew										
R67	"Reviewed: January 7, 2018"	10	wildorange										
R66	"Reviewed: January 13, 2018"	5	Jihunim1989										
R65	"Reviewed: January 15, 2018"	9.6	Mark										
R64	"Reviewed: January 22, 2018"	7.1	David										
R27	"Reviewed: January 7, 2019"	2.9	Gautam										
R26	"Reviewed: January 9, 2019"	7.5	Flora										
R69	"Reviewed: January 3, 2018"	3.3	Timur										
R68	"Reviewed: January 4, 2018"	7.9	Anonymous										
R23	"Reviewed: January 12, 2019"	7.9	Jayne Leitao										
R22	"Reviewed: January 15, 2019"	6.3	Anonymous										
R21	"Reviewed: January 24, 2019"	10	Anonymous										
R20	"Reviewed: January 26, 2019"	6.7	Anonymous										
R100				8.1	8.3	8.8	8.8	8.6	8.2	9	8.6	 The Salil Hotel Sukhumvit 57 - Thonglor	"Sukhumvit Soi 57, Klongtan Nua, Wattana, Wattana, 10110 Bangkok, Thailand"
R70	"Reviewed: June 10, 2017"	10	cherrybombzxy										
R71	"Reviewed: June 7, 2017"	9.6	Matt										
R72	"Reviewed: May 10, 2017"	10	Apirat										
R73	"Reviewed: April 22, 2019"	10	geniuskung										
R74	"Reviewed: April 18, 2019"	10	Sarah										
R75	"Reviewed: March 7, 2019"	10	Ming										
R76	"Reviewed: November 19, 2018"	9.6	Adam										
R77	"Reviewed: November 17, 2018"	7.5	Koh										
R34	"Reviewed: March 6, 2018"	8.8	Cassandra										
R38													
R36	"Reviewed: March 5, 2018"	10	Justin										
R37	"Reviewed: February 24, 2018"	9.6	Myeong										
R30	"Reviewed: April 9, 2018"	8.3	Anonymous										
R31	"Reviewed: March 30, 2018"	10	Chris										
R32	"Reviewed: March 24, 2018"	9.6	Johann										
R39	"Reviewed: February 7, 2018"	8.3	Ha										
R4	"Reviewed: March 4, 2019"	9.2	David										
R5	"Reviewed: March 1, 2019"	7.5	Azimah										
R6	"Reviewed: February 15, 2019"	6.3	Paolo										
R7	"Reviewed: January 26, 2019"	9.6	Jutikan										
R1	"Reviewed: April 9, 2019"	9.6	Adam										
R2	"Reviewed: March 31, 2019"	9.2	nabilahabd										
R3													
R8	"Reviewed: January 14, 2019"	10	xovigggg										
R9	"Reviewed: January 6, 2019"	9.2	Kin										
R89	"Reviewed: April 22, 2018"	4.6	Jackseerara										
R78	"Reviewed: November 17, 2018"	6.3	Clair										
R35													
R81	"Reviewed: November 16, 2018"	9.6	ALAbdulla										
R80	"Reviewed: November 16, 2018"	10	Tara										
R83	"Reviewed: August 4, 2018"	9.6	Dublin8										
R82	"Reviewed: September 15, 2018"	9.2	Claire										
R85	"Reviewed: July 24, 2018"	7.5	Lo										
R84	"Reviewed: July 30, 2018"	8.8	Qiujun										
R87	"Reviewed: July 3, 2018"	8.8	Lorraine										
R86													
R79	"Reviewed: November 17, 2018"	10	Anonymous										
R45	"Reviewed: December 22, 2017"	10	See										
R44	"Reviewed: December 25, 2017"	9.2	Arbhassorn										
R47	"Reviewed: December 13, 2017"	10	Yiling										
R46													
R41	"Reviewed: January 7, 2018"	9.2	Aniz										
R40	"Reviewed: January 28, 2018"	5	Jane W.										
R43	"Reviewed: December 27, 2017"	10	Emelie										
R42	"Reviewed: January 4, 2018"	8.3	Lina										
R33	"Reviewed: March 9, 2018"	8.8	Xing										
R49	"Reviewed: November 14, 2017"	10	JamesAshleeMyles										
R48	"Reviewed: November 24, 2017"	9.6	Sarah.Hoe										
R98	"Reviewed: January 22, 2018"	9.6	Kiang										
R99	"Reviewed: January 22, 2018"	8.3	Linh										
R96													
R97	"Reviewed: February 6, 2018"	8.3	Robert										
R94	"Reviewed: February 18, 2018"	8.8	Andrea										
R95	"Reviewed: February 17, 2018"	10	__										
R92	"Reviewed: March 4, 2018"	9.2	Liviu										
R93	"Reviewed: February 25, 2018"	9.2	Anonymous										
R90	"Reviewed: April 18, 2018"	10	Maria										
R91	"Reviewed: March 25, 2018"	9.2	Marc										
R16	"Reviewed: December 18, 2018"	10	Stephen										
R17	"Reviewed: December 16, 2018"	8.8	Jiejing										
R14	"Reviewed: December 21, 2018"	7.5	thomascampbell										
R15													
R12	"Reviewed: December 28, 2018"	9.6	Madhvi										
R13	"Reviewed: December 24, 2018"	9.2	Carl										
R10	"Reviewed: January 2, 2019"	7.9	James										
R11	"Reviewed: December 31, 2018"	9.2	Stanley										
R18	"Reviewed: December 14, 2018"	7.1	Teun										
R19	"Reviewed: December 10, 2018"	7.5	Zhe										
R58	"Reviewed: August 3, 2017"	5.4	Ahmed										
R59	"Reviewed: July 27, 2017"	9.2	kaxuson										
R52	"Reviewed: October 31, 2017"	10	Joia										
R53													
R50	"Reviewed: November 14, 2017"	8.8	Zaza										
R51	"Reviewed: October 31, 2017"	9.6	Karen										
R56	"Reviewed: August 23, 2017"	8.8	Sophia.Park										
R57	"Reviewed: August 6, 2017"	9.2	Priscilla										
R54	"Reviewed: September 1, 2017"	5.8	Mubarak										
R55	"Reviewed: August 27, 2017"	8.3	Anonymous										
R29	"Reviewed: May 6, 2018"	4.6	Jack										
R28	"Reviewed: May 10, 2018"	7.1	Anthony										
R25	"Reviewed: August 16, 2018"	10	Zentraveller										
R24	"Reviewed: October 26, 2018"	10	Su Qing										
R88	"Reviewed: July 3, 2018"	9.2	Olivier										
R63	"Reviewed: July 6, 2017"	10	Diane										
R62	"Reviewed: July 8, 2017"	7.5	rlgriffo										
R61	"Reviewed: July 17, 2017"	10	Chaim										
R60	"Reviewed: July 20, 2017"	8.3	Chong										
R67													
R66	"Reviewed: June 14, 2017"	9.6	Woon										
R65	"Reviewed: June 29, 2017"	5.8	Afzal										
R64	"Reviewed: July 3, 2017"	4.6	Shaima										
R27	"Reviewed: May 15, 2018"	7.5	Richard										
R26	"Reviewed: May 29, 2018"	6.3	louisalam0211										
R69													
R68	"Reviewed: June 13, 2017"	7.1	Grace										
R23	"Reviewed: November 16, 2018"	10	Rodsa										
R22	"Reviewed: November 25, 2018"	8.8	Lukrecija										
R21	"Reviewed: November 26, 2018"	5.4	Pauline										
R20	"Reviewed: December 4, 2018"	7.9	Stefanie										
R4	"Reviewed: November 10, 2018"	10	TrendTrader	9.8		10	9.8	9.8	8.8	9	9.5	Villa Artistic and Quirky Home with a Copper Bath and Breakfas	"60/29, Soi Prompak Yaek 1, Thonglor 25, Khlong Tan Nuea, Watthana, Wattana, 10110 Bangkok, Thailand"
R5	"Reviewed: October 14, 2018"	10	Nurul										
R1	"Reviewed: February 7, 2019"	9.6	Man										
R2	"Reviewed: December 4, 2018"	9.6	Francis										
R3	"Reviewed: November 16, 2018"	9.5	Jazmin										
R70	"Reviewed: August 2, 2017"	8.8	Alex	8.4	8.3	8.9	8.5	8.4	8.4	9.2	8.6	 H3 Hotel Paulista	"Rua Rocha, 217, Bela Vista, São Paulo, CEP 01330-000, Brazil"
R71	"Reviewed: July 23, 2017"	10	Krishna										
R72	"Reviewed: July 18, 2017"	7.5	Nayandra										
R73	"Reviewed: July 11, 2017"	7.5	Amie										
R74	"Reviewed: July 4, 2017"	9.6	Frederick										
R75	"Reviewed: May 1, 2017"	3.8	Eduardo										
R34	"Reviewed: September 15, 2018"	5	Anonymous										
R38	"Reviewed: August 26, 2018"	8.3	Carlos										
R36	"Reviewed: September 1, 2018"	8.3	Gina554										
R37	"Reviewed: August 29, 2018"	8.8	Andrei										
R30	"Reviewed: March 12, 2019"	10	Nicholas										
R31	"Reviewed: December 27, 2018"	8.3	Anonymous										
R32	"Reviewed: December 8, 2018"	2.5	Denis										
R39	"Reviewed: August 7, 2018"	5.8	Fernando										
R4	"Reviewed: February 19, 2019"	9.2	Joel										
R5	"Reviewed: February 18, 2019"	5	Eli Kranz										
R6	"Reviewed: December 21, 2018"	10	Isabel										
R7	"Reviewed: December 2, 2018"	4.2	Fabio										
R1	"Reviewed: March 19, 2019"	9.6	jacolomb										
R2	"Reviewed: March 17, 2019"	10	David										
R3	"Reviewed: March 6, 2019"	8.3	Leonardo										
R8	"Reviewed: November 18, 2018"	5	Anonymous										
R9	"Reviewed: October 22, 2018"	8.3	Kolawole										
R35	"Reviewed: September 13, 2018"	9.6	Miski										
R45	"Reviewed: April 26, 2018"	9.2	Martin										
R44	"Reviewed: May 7, 2018"	9.2	Ralph_Gier_Benedetti										
R47	"Reviewed: April 16, 2018"	7.5	Izalete										
R46	"Reviewed: April 26, 2018"	10	Raj167										
R41	"Reviewed: July 25, 2018"	7.9	Anonymous										
R40	"Reviewed: August 6, 2018"	7.5	Carl F Kernizan										
R43	"Reviewed: May 14, 2018"	7.5	Anonymous										
R42	"Reviewed: May 23, 2018"	8.3	Marc										
R33	"Reviewed: November 13, 2018"	10	Basani										
R49	"Reviewed: February 20, 2018"	10	David										
R48	"Reviewed: February 28, 2018"	10	Anonymous										
R16	"Reviewed: April 4, 2018"	9.6	Eddie										
R17	"Reviewed: February 17, 2018"	8.3	Krystian										
R14	"Reviewed: June 5, 2018"	8.8	Quentin										
R15	"Reviewed: April 13, 2018"	10	Janine										
R12	"Reviewed: August 1, 2018"	9.6	sk1311										
R13	"Reviewed: June 7, 2018"	9.6	Lina-marie										
R10	"Reviewed: September 14, 2018"	9.6	Nila										
R11	"Reviewed: August 1, 2018"	9.6	Anonymous										
R18	"Reviewed: February 10, 2018"	9.6	Syed										
R19	"Reviewed: December 22, 2017"	9.2	Guilherme G.										
R58	"Reviewed: November 9, 2017"	6.3	Ian										
R59	"Reviewed: October 25, 2017"	10	Maria										
R52	"Reviewed: January 26, 2018"	8.3	Pilar										
R53	"Reviewed: January 11, 2018"	9.2	khurram munir										
R50	"Reviewed: February 15, 2018"	9.2	Pranas										
R51	"Reviewed: January 27, 2018"	7.5	Pilar										
R56	"Reviewed: December 6, 2017"	6.7	Gilsa										
R57	"Reviewed: November 29, 2017"	10	Amir										
R54	"Reviewed: January 8, 2018"	5.8	Jorge										
R55	"Reviewed: December 20, 2017"	7.9	IamDanielDuarte										
R29	"Reviewed: March 27, 2019"	9.2	Karin										
R28	"Reviewed: April 12, 2019"	9.6	Victor										
R25	"Reviewed: April 28, 2017"	10	Stacey										
R24	"Reviewed: May 2, 2017"	8.3	Marc										
R63	"Reviewed: September 25, 2017"	10	Anonymous										
R62	"Reviewed: October 2, 2017"	7.9	Corrado										
R61	"Reviewed: October 9, 2017"	10	Anonymous										
R60	"Reviewed: October 17, 2017"	10	Tássia										
R67	"Reviewed: August 25, 2017"	9.2	Carlos										
R66	"Reviewed: September 6, 2017"	8.3	BetoMorelli										
R65	"Reviewed: September 17, 2017"	10	Anonymous										
R64	"Reviewed: September 22, 2017"	6.7	Júlia Saraiva										
R27	"Reviewed: April 20, 2019"	5	Bruno										
R26	"Reviewed: April 24, 2017"	7.1	Marques.Bini										
R69	"Reviewed: August 4, 2017"	10	Jose										
R68	"Reviewed: August 22, 2017"	7.5	Jeff										
R23	"Reviewed: June 28, 2017"	10	Neiva										
R22	"Reviewed: July 3, 2017"	9.6	Jeruvic										
R21	"Reviewed: September 5, 2017"	5	Anonymous										
R20	"Reviewed: October 29, 2017"	5	Hoffmann Joerg										
R100	"Reviewed: November 8, 2018"	9.6	Anthony	8.1	7.7	8.8	8.6	8.2	8.8	8.4	8.5	 Dynasty Grande 	"21 Soi Sukhumvit 6, Sukhumvit Rd. Klongtoey,, Khlong Toei, 10110 Bangkok, Thailand"
R70	"Reviewed: March 27, 2019"	10	Christopher										
R71	"Reviewed: March 25, 2019"	10	Axel										
R72	"Reviewed: March 5, 2019"	5.4	sigiweiler										
R73	"Reviewed: February 6, 2019"	10	Timothy										
R74	"Reviewed: February 5, 2019"	10	Richard										
R75	"Reviewed: January 31, 2019"	10	MikeGreenwood										
R76	"Reviewed: January 30, 2019"	7.9	David										
R77	"Reviewed: January 30, 2019"	10	Tim										
R34	"Reviewed: January 23, 2018"	7.5	Gee LOVE										
R38	"Reviewed: January 3, 2018"	9.6	Andrew										
R36	"Reviewed: January 14, 2018"	10	Suda										
R37	"Reviewed: January 11, 2018"	10	Steven										
R30	"Reviewed: February 12, 2018"	8.3	M.Sp										
R31	"Reviewed: February 1, 2018"	9.2	Andreas										
R32	"Reviewed: February 1, 2018"	8.3	Roberto										
R39	"Reviewed: December 31, 2017"	8.8	He										
R4	"Reviewed: November 14, 2018"	7.1	Mohan Sundar										
R5	"Reviewed: November 6, 2018"	6.7	Dean										
R6	"Reviewed: October 17, 2018"	10	Christopher										
R7	"Reviewed: October 1, 2018"	6.7	Anonymous										
R1	"Reviewed: March 1, 2019"	10	Mark										
R2	"Reviewed: February 13, 2019"	7.5	Anonymous										
R3	"Reviewed: November 28, 2018"	10	Russell										
R8	"Reviewed: September 6, 2018"	9.2	Satisfied										
R9	"Reviewed: August 12, 2018"	7.5	Leslie										
R89	"Reviewed: January 2, 2019"	7.9	Stephen										
R78	"Reviewed: January 28, 2019"	9.2	Kevin										
R35	"Reviewed: January 14, 2018"	9.2	Jayendrin										
R81	"Reviewed: January 23, 2019"	8.8	Gary										
R80	"Reviewed: January 26, 2019"	10	Grebbs										
R83	"Reviewed: January 12, 2019"	10	Alan										
R82	"Reviewed: January 14, 2019"	9.2	Thomas										
R85	"Reviewed: January 10, 2019"	9.2	John										
R84	"Reviewed: January 12, 2019"	10	Colin										
R87	"Reviewed: January 5, 2019"	10	Ken										
R86	"Reviewed: January 9, 2019"	10	Anonymous										
R79	"Reviewed: January 28, 2019"	10	Anonymous										
R45	"Reviewed: November 14, 2017"	8.3	adoraalas										
R44	"Reviewed: November 25, 2017"	5.8	Henning										
R47	"Reviewed: November 5, 2017"	9.2	Antonia										
R46	"Reviewed: November 11, 2017"	7.5	Andrew										
R41	"Reviewed: December 22, 2017"	9.2	Jack										
R40	"Reviewed: December 31, 2017"	9.2	EinJan										
R43	"Reviewed: December 11, 2017"	7.9	Kjell										
R42	"Reviewed: December 15, 2017"	7.5	Mohammad										
R33	"Reviewed: January 28, 2018"	6.7	Thuy										
R49	"Reviewed: September 28, 2017"	7.9	Daniel										
R48	"Reviewed: October 3, 2017"	7.5	Kirk										
R98	"Reviewed: November 13, 2018"	7.5	Sara										
R99	"Reviewed: November 10, 2018"	6.3	Anonymous										
R96	"Reviewed: November 22, 2018"	9.6	Anonymous										
R97	"Reviewed: November 21, 2018"	9.6	Gavin										
R94	"Reviewed: November 28, 2018"	9.2	Edward										
R95	"Reviewed: November 22, 2018"	10	Marty										
R92	"Reviewed: December 24, 2018"	10	Colin										
R93	"Reviewed: December 6, 2018"	8.8	Robert										
R90	"Reviewed: December 30, 2018"	10	Anonymous										
R91	"Reviewed: December 26, 2018"	8.8	Jason										
R16	"Reviewed: April 27, 2018"	8.3	Ahsan										
R17	"Reviewed: April 12, 2018"	10	David										
R14	"Reviewed: June 17, 2018"	8.8	Ivo										
R15	"Reviewed: May 4, 2018"	7.5	Paul										
R12	"Reviewed: June 24, 2018"	7.5	Stephen										
R13	"Reviewed: June 23, 2018"	9.2	Tatiana										
R10	"Reviewed: July 28, 2018"	6.3	Annoyed										
R11	"Reviewed: July 5, 2018"	7.9	Thomas										
R18	"Reviewed: March 25, 2018"	7.5	Claus										
R19	"Reviewed: March 24, 2018"	10	Mert										
R58	"Reviewed: August 16, 2017"	7.9	Christof										
R59	"Reviewed: August 12, 2017"	5	Warwick										
R52	"Reviewed: September 9, 2017"	9.2	Ian										
R53	"Reviewed: August 31, 2017"	7.1	Abdulla										
R50	"Reviewed: September 25, 2017"	6.7	Terence										
R51	"Reviewed: September 22, 2017"	9.2	Winky Wickham										
R56	"Reviewed: August 21, 2017"	6.3	Brian Beattie										
R57	"Reviewed: August 21, 2017"	9.6	Neil										
R54	"Reviewed: August 28, 2017"	8.3	Abdullah										
R55	"Reviewed: August 24, 2017"	8.8	Ahmed										
R29	"Reviewed: February 13, 2018"	3.3	Gicho										
R28	"Reviewed: February 19, 2018"	8.3	m4ikel										
R25	"Reviewed: March 1, 2018"	9.6	Vahid										
R24	"Reviewed: March 6, 2018"	7.5	Barry										
R88	"Reviewed: January 5, 2019"	10	Jesse										
R63	"Reviewed: June 19, 2017"	10	David										
R62	"Reviewed: July 16, 2017"	8.3	Fransmannot										
R61	"Reviewed: July 20, 2017"	8.3	MikeS63										
R60	"Reviewed: August 10, 2017"	7.5	MikeS63										
R67	"Reviewed: April 19, 2019"	4.2	Philip										
R66	"Reviewed: April 24, 2017"	10	Jack										
R65	"Reviewed: May 17, 2017"	10	Colin										
R64	"Reviewed: May 23, 2017"	9.6	Mhgrey										
R27	"Reviewed: February 23, 2018"	2.9	Navid										
R26	"Reviewed: February 24, 2018"	5	Vincent										
R69	"Reviewed: March 28, 2019"	10	Rasdeen										
R68	"Reviewed: April 8, 2019"	10	John										
R23	"Reviewed: March 9, 2018"	10	Jim										
R22	"Reviewed: March 10, 2018"	8.3	Anonymous										
R21	"Reviewed: March 18, 2018"	9.2	soulsville										
R20	"Reviewed: March 24, 2018"	9.6	ThinkingTwice										
R100	"Reviewed: May 30, 2018"	10	Anchalee	8.5	7.9	8.7	8.8	8.4	8.3	8.9	8.6	 Somerset Park Suanplu	"39 Soi Suanplu, South Sathorn Road, Tungmahamek, Sathorn, 10120 Bangkok, Thailand"
R70	"Reviewed: April 19, 2019"	5	Catherine										
R71	"Reviewed: April 15, 2019"	7.1	Anonymous										
R72	"Reviewed: April 14, 2019"	5.8	John										
R73	"Reviewed: April 13, 2019"	7.9	Bobby										
R74	"Reviewed: April 12, 2019"	10	Bill										
R75	"Reviewed: April 5, 2019"	9.6	Erik										
R76	"Reviewed: February 7, 2019"	8.8	Seehajetdha										
R77	"Reviewed: January 31, 2019"	7.9	Ahmed U										
R34	"Reviewed: August 28, 2018"	8.8	Irina										
R38	"Reviewed: June 14, 2018"	9.6	Valeriya										
R36	"Reviewed: August 12, 2018"	7.5	Juma										
R37	"Reviewed: July 12, 2018"	10	Mark										
R30	"Reviewed: October 14, 2018"	9.2	Waraporn										
R31	"Reviewed: October 1, 2018"	9.6	Dmitriy										
R32	"Reviewed: September 8, 2018"	7.1	Margaret										
R39	"Reviewed: June 5, 2018"	10	Grubman										
R4	"Reviewed: April 5, 2019"	9.6	Anonymous										
R5	"Reviewed: March 30, 2019"	8.8	Jody										
R6	"Reviewed: March 24, 2019"	7.5	Shirley										
R7	"Reviewed: March 21, 2019"	7.9	Nicolas										
R1	"Reviewed: April 21, 2019"	10	Siriyapat										
R2	"Reviewed: April 15, 2019"	9.2	Natalie										
R3	"Reviewed: April 8, 2019"	3.8	Rk										
R8	"Reviewed: March 16, 2019"	7.9	Anonymous										
R9	"Reviewed: March 12, 2019"	9.6	Virendra										
R89	"Reviewed: August 26, 2018"	8.3	Rajesh										
R78	"Reviewed: January 5, 2019"	9.2	Cristiana										
R35	"Reviewed: August 19, 2018"	3.3	Adrian										
R81	"Reviewed: November 26, 2018"	10	Robinson										
R80	"Reviewed: December 17, 2018"	7.5	Hankeat										
R83	"Reviewed: November 21, 2018"	10	Daniel										
R82	"Reviewed: November 25, 2018"	9.5	Tina										
R85	"Reviewed: November 6, 2018"	9.2	Kin										
R84	"Reviewed: November 15, 2018"	9.6	David										
R87	"Reviewed: September 9, 2018"	7.9	Keiji										
R86	"Reviewed: September 23, 2018"	8.3	Kannika										
R79	"Reviewed: December 23, 2018"	8.8	Joo Dee										
R45	"Reviewed: January 23, 2018"	8.8	Azfar										
R44	"Reviewed: March 6, 2018"	5.4	JKNyren										
R47													
R46	"Reviewed: January 17, 2018"	7.1	Terumi										
R41	"Reviewed: April 19, 2018"	9.2	Grubman										
R40	"Reviewed: May 2, 2018"	3.8	Anonymous										
R43	"Reviewed: March 7, 2018"	7.9	Hr										
R42													
R33	"Reviewed: September 7, 2018"	10	Malcolm										
R49	"Reviewed: January 8, 2018"	7.5	Kai										
R48	"Reviewed: January 10, 2018"	7.9	Rob										
R98	"Reviewed: July 8, 2018"	7.9	Aung Thwin										
R99	"Reviewed: June 29, 2018"	10	Gijo Jacob										
R96	"Reviewed: July 24, 2018"	9.2	Jas										
R97	"Reviewed: July 18, 2018"	6.7	Gharib										
R94	"Reviewed: August 12, 2018"	8.8	Alena										
R95	"Reviewed: August 1, 2018"	8.3	Jas										
R92	"Reviewed: August 19, 2018"	7.9	Alena										
R93	"Reviewed: August 16, 2018"	7.1	Mohamed										
R90	"Reviewed: August 21, 2018"	8.3	Mohamed										
R91	"Reviewed: August 20, 2018"	7.9	Um										
R16	"Reviewed: January 10, 2019"	10	Brian										
R17	"Reviewed: January 6, 2019"	10	Traci										
R14	"Reviewed: January 28, 2019"	8.3	Jaak Parik										
R15	"Reviewed: January 18, 2019"	7.1	Nigel										
R12	"Reviewed: March 7, 2019"	10	Ali										
R13	"Reviewed: February 20, 2019"	10	Hermann										
R10	"Reviewed: March 11, 2019"	10	Mohamad										
R11													
R18	"Reviewed: January 6, 2019"	9.6	Aaron										
R19	"Reviewed: December 30, 2018"	8.3	Andrew										
R58	"Reviewed: July 23, 2017"	8.3	Patrick										
R59	"Reviewed: July 1, 2017"	6.7	Mook										
R52	"Reviewed: October 12, 2017"	8.8	Gary										
R53	"Reviewed: October 9, 2017"	8.3	Gary										
R50	"Reviewed: December 28, 2017"	2.9	Daphne										
R51	"Reviewed: December 24, 2017"	10	Surachai										
R56	"Reviewed: August 9, 2017"	10	laurahere										
R57	"Reviewed: July 30, 2017"	5.8	Azatullah										
R54	"Reviewed: October 8, 2017"	10	Anonymous										
R55	"Reviewed: August 28, 2017"	5.8	Gary										
R29	"Reviewed: October 28, 2018"	9.6	Waraporn										
R28	"Reviewed: November 1, 2018"	9.6	Waraporn										
R25	"Reviewed: November 25, 2018"	6.7	Iris										
R24	"Reviewed: December 1, 2018"	7.9	Charlie										
R88	"Reviewed: September 8, 2018"	9.2	David										
R63	"Reviewed: June 19, 2017"	9.6	Gary										
R62	"Reviewed: June 27, 2017"	8.3	Rifau										
R61	"Reviewed: June 30, 2017"	7.9	Hon										
R60													
R67	"Reviewed: May 26, 2017"	8.8	matkocestovatel										
R66	"Reviewed: May 27, 2017"	10	Nathan										
R65	"Reviewed: June 7, 2017"	5	Susan										
R64	"Reviewed: June 8, 2017"	10	Ariffin										
R27	"Reviewed: November 7, 2018"	6.7	Anonymous										
R26	"Reviewed: November 8, 2018"	8.8	Carole										
R69	"Reviewed: April 22, 2019"	7.5	ALDRIN										
R68	"Reviewed: April 23, 2019"	9.6	Happyvisit										
R23	"Reviewed: December 20, 2018"	10	Waraporn										
R22	"Reviewed: December 23, 2018"	10	TinyMom K.										
R21	"Reviewed: December 24, 2018"	8.3	Noorhayati										
R20	"Reviewed: December 27, 2018"	9.2	Lalith										